timestamp,channel,action,payload
1764329179687,CH1,POWER,2.40
1764329179693,CH1,POWER,2.40
1764329179698,CH1,POWER,2.40
1764329179703,CH1,POWER,2.40
1764329179707,CH1,POWER,2.40
1764329179713,CH1,POWER,2.40
1764329179718,CH1,POWER,2.40
1764329179723,CH1,POWER,2.40
1764329179728,CH1,POWER,2.40
1764329179733,CH1,POWER,2.40
1764329179738,CH1,POWER,2.40
1764329179743,CH1,POWER,2.40
1764329179747,CH1,POWER,2.40
1764329179753,CH1,POWER,2.40
1764329179757,CH1,POWER,2.40
1764329179763,CH1,POWER,2.40
1764329179767,CH1,POWER,2.40
1764329179773,CH1,POWER,2.40
1764329179777,CH1,POWER,2.40
1764329179783,CH1,POWER,2.40
1764329179787,CH1,POWER,2.40
1764329179792,CH1,POWER,2.40
1764329179794,CH1,POWER,2.40
1764329179797,CH1,POWER,2.40
1764329179825,CH1,POWER,2.40
1764329179833,CH1,POWER,2.40
1764329179838,CH1,POWER,2.40
1764329179845,CH1,POWER,2.40
1764329179850,CH1,POWER,2.40
1764329179855,CH1,POWER,2.40
1764329179859,CH1,POWER,2.40
1764329179864,CH1,POWER,2.40
1764329179868,CH1,POWER,2.40
1764329179872,CH1,POWER,2.40
1764329179877,CH1,POWER,2.40
1764329179885,CH1,POWER,2.40
1764329179893,CH1,POWER,2.40
1764329179899,CH1,POWER,2.40
1764329179905,CH1,POWER,2.40
1764329179913,CH1,POWER,2.40
1764329179919,CH1,POWER,2.40
1764329179925,CH1,POWER,2.40
1764329179933,CH1,POWER,2.40
1764329179939,CH1,POWER,2.40
1764329179945,CH1,POWER,2.40
1764329179950,CH1,POWER,2.40
1764329179955,CH1,POWER,2.40
1764329179963,CH1,POWER,2.40
1764329179969,CH1,POWER,2.40
1764329179975,CH1,POWER,2.40
1764329179981,CH1,POWER,2.40
1764329179986,CH1,POWER,2.40
1764329179993,CH1,POWER,2.40
1764329179998,CH1,POWER,2.40
1764329180005,CH1,POWER,2.40
1764329180010,CH1,POWER,2.40
1764329180015,CH1,POWER,2.40
1764329180021,CH1,POWER,2.40
1764329180025,CH1,POWER,2.40
1764329180031,CH1,POWER,2.40
1764329180035,CH1,POWER,2.40
1764329180039,CH1,POWER,2.40
1764329180045,CH1,POWER,2.40
1764329180049,CH1,POWER,2.40
1764329180054,CH1,POWER,2.40
1764329180058,CH1,POWER,2.40
1764329180064,CH1,POWER,2.40
1764329180069,CH1,POWER,2.40
1764329180074,CH1,POWER,2.40
1764329180079,CH1,POWER,2.40
1764329180085,CH1,POWER,2.40
1764329180090,CH1,POWER,2.40
1764329180095,CH1,POWER,2.40
1764329180099,CH1,POWER,2.40
1764329180105,CH1,POWER,2.40
1764329180109,CH1,POWER,2.40
1764329180114,CH1,POWER,2.40
1764329180119,CH1,POWER,2.40
1764329180125,CH1,POWER,2.40
1764329180129,CH1,POWER,2.40
1764329180135,CH1,POWER,2.40
1764329180139,CH1,POWER,2.40
1764329180145,CH1,POWER,2.40
1764329180149,CH1,POWER,2.40
1764329180155,CH1,POWER,2.40
1764329180159,CH1,POWER,2.40
1764329180165,CH1,POWER,2.40
1764329180171,CH1,POWER,2.40
1764329180175,CH1,POWER,2.40
1764329180179,CH1,POWER,2.40
1764329180185,CH1,POWER,2.40
1764329180192,CH1,POWER,2.40
1764329180194,CH1,POWER,2.40
1764329180197,CH1,POWER,2.40
1764329180199,CH1,POWER,2.40
1764329180227,CH1,POWER,2.40
1764329180235,CH1,POWER,2.40
1764329180240,CH1,POWER,2.40
1764329180246,CH1,POWER,2.40
1764329180252,CH1,POWER,2.40
1764329180257,CH1,POWER,2.40
1764329180261,CH1,POWER,2.40
1764329180267,CH1,POWER,2.40
1764329180275,CH1,POWER,2.40
1764329180281,CH1,POWER,2.40
1764329180287,CH1,POWER,2.40
1764329180295,CH1,POWER,2.40
1764329180301,CH1,POWER,2.40
1764329180307,CH1,POWER,2.40
1764329180312,CH1,POWER,2.40
1764329180317,CH1,POWER,2.40
1764329180325,CH1,POWER,2.40
1764329180331,CH1,POWER,2.40
1764329180337,CH1,POWER,2.40
1764329180345,CH1,POWER,2.40
1764329180351,CH1,POWER,2.40
1764329180357,CH1,POWER,2.40
1764329180362,CH1,POWER,2.40
1764329180367,CH1,POWER,2.40
1764329180372,CH1,POWER,2.40
1764329180377,CH1,POWER,2.40
1764329180385,CH1,POWER,2.40
1764329180391,CH1,POWER,2.40
1764329180397,CH1,POWER,2.40
1764329180402,CH1,POWER,2.40
1764329180407,CH1,POWER,2.40
1764329180415,CH1,POWER,2.40
1764329180420,CH1,POWER,2.40
1764329180426,CH1,POWER,2.40
1764329180432,CH1,POWER,2.40
1764329180437,CH1,POWER,2.40
1764329180445,CH1,POWER,2.40
1764329180450,CH1,POWER,2.40
1764329180456,CH1,POWER,2.40
1764329180462,CH1,POWER,2.40
1764329180467,CH1,POWER,2.40
1764329180475,CH1,POWER,2.40
1764329180481,CH1,POWER,2.40
1764329180487,CH1,POWER,2.40
1764329180495,CH1,POWER,2.40
1764329180501,CH1,POWER,2.40
1764329180507,CH1,POWER,2.40
1764329180515,CH1,POWER,2.40
1764329180521,CH1,POWER,2.40
1764329180526,CH1,POWER,2.40
1764329180532,CH1,POWER,2.40
1764329180537,CH1,POWER,2.40
1764329180545,CH1,POWER,2.40
1764329180551,CH1,POWER,2.40
1764329180556,CH1,POWER,2.40
1764329180560,CH1,POWER,2.40
1764329180567,CH1,POWER,2.40
1764329180575,CH1,POWER,2.40
1764329180580,CH1,POWER,2.40
1764329180584,CH1,POWER,2.40
1764329180589,CH1,POWER,2.40
1764329180591,CH1,POWER,2.40
1764329180619,CH1,POWER,2.40
1764329180624,CH1,POWER,2.40
1764329180629,CH1,POWER,2.40
1764329180634,CH1,POWER,2.40
1764329180639,CH1,POWER,2.40
1764329180647,CH1,POWER,2.40
1764329180652,CH1,POWER,2.40
1764329180659,CH1,POWER,2.40
1764329180664,CH1,POWER,2.40
1764329180669,CH1,POWER,2.40
1764329180674,CH1,POWER,2.40
1764329180679,CH1,POWER,2.40
1764329180684,CH1,POWER,2.40
1764329180689,CH1,POWER,2.40
1764329180694,CH1,POWER,2.40
1764329180699,CH1,POWER,2.40
1764329180704,CH1,POWER,2.40
1764329180709,CH1,POWER,2.40
1764329180714,CH1,POWER,2.40
1764329180719,CH1,POWER,2.40
1764329180724,CH1,POWER,2.40
1764329180729,CH1,POWER,2.40
1764329180734,CH1,POWER,2.40
1764329180739,CH1,POWER,2.40
1764329180745,CH1,POWER,2.40
1764329180749,CH1,POWER,2.40
1764329180754,CH1,POWER,2.40
1764329180759,CH1,POWER,2.40
1764329180764,CH1,POWER,2.40
1764329180769,CH1,POWER,2.40
1764329180776,CH1,POWER,2.40
1764329180781,CH1,POWER,2.40
1764329180789,CH1,POWER,2.40
1764329180797,CH1,POWER,2.40
1764329180803,CH1,POWER,2.40
1764329180809,CH1,POWER,2.40
1764329180817,CH1,POWER,2.40
1764329180823,CH1,POWER,2.40
1764329180829,CH1,POWER,2.40
1764329180834,CH1,POWER,2.40
1764329180839,CH1,POWER,2.40
1764329180847,CH1,POWER,2.40
1764329180853,CH1,POWER,2.40
1764329180858,CH1,POWER,2.40
1764329180862,CH1,POWER,2.40
1764329180868,CH1,POWER,2.40
1764329180872,CH1,POWER,2.40
1764329180878,CH1,POWER,2.40
1764329180884,CH1,POWER,2.40
1764329180889,CH1,POWER,2.40
1764329180894,CH1,POWER,2.40
1764329180899,CH1,POWER,2.40
1764329180907,CH1,POWER,2.40
1764329180913,CH1,POWER,2.40
1764329180918,CH1,POWER,2.40
1764329180923,CH1,POWER,2.40
1764329180929,CH1,POWER,2.40
1764329180934,CH1,POWER,2.40
1764329180939,CH1,POWER,2.40
1764329180944,CH1,POWER,2.40
1764329180949,CH1,POWER,2.40
1764329180957,CH1,POWER,2.40
1764329180962,CH1,POWER,2.40
1764329180969,CH1,POWER,2.40
1764329180974,CH1,POWER,2.40
1764329180977,CH1,POWER,2.40
1764329180980,CH1,POWER,2.40
1764329180983,CH1,POWER,2.40
1764329181011,CH1,POWER,2.40
1764329181016,CH1,POWER,2.40
1764329181021,CH1,POWER,2.40
1764329181026,CH1,POWER,2.40
1764329181031,CH1,POWER,2.40
1764329181036,CH1,POWER,2.40
1764329181041,CH1,POWER,2.40
1764329181045,CH1,POWER,2.40
1764329181050,CH1,POWER,2.40
1764329181055,CH1,POWER,2.40
1764329181060,CH1,POWER,2.40
1764329181065,CH1,POWER,2.40
1764329181071,CH1,POWER,2.40
1764329181076,CH1,POWER,2.40
1764329181081,CH1,POWER,2.40
1764329181089,CH1,POWER,2.40
1764329181095,CH1,POWER,2.40
1764329181100,CH1,POWER,2.40
1764329181106,CH1,POWER,2.40
1764329181111,CH1,POWER,2.40
1764329181119,CH1,POWER,2.40
1764329181125,CH1,POWER,2.40
1764329181131,CH1,POWER,2.40
1764329181136,CH1,POWER,2.40
1764329181141,CH1,POWER,2.40
1764329181146,CH1,POWER,2.40
1764329181151,CH1,POWER,2.40
1764329181156,CH1,POWER,2.40
1764329181161,CH1,POWER,2.40
1764329181167,CH1,POWER,2.40
1764329181172,CH1,POWER,2.40
1764329181179,CH1,POWER,2.40
1764329181184,CH1,POWER,2.40
1764329181191,CH1,POWER,2.40
1764329181196,CH1,POWER,2.40
1764329181201,CH1,POWER,2.40
1764329181206,CH1,POWER,2.40
1764329181211,CH1,POWER,2.40
1764329181219,CH1,POWER,2.40
1764329181224,CH1,POWER,2.40
1764329181230,CH1,POWER,2.40
1764329181235,CH1,POWER,2.40
1764329181241,CH1,POWER,2.40
1764329181246,CH1,POWER,2.40
1764329181251,CH1,POWER,2.40
1764329181255,CH1,POWER,2.40
1764329181261,CH1,POWER,2.40
1764329181269,CH1,POWER,2.40
1764329181274,CH1,POWER,2.40
1764329181280,CH1,POWER,2.40
1764329181285,CH1,POWER,2.40
1764329181290,CH1,POWER,2.40
1764329181296,CH1,POWER,2.40
1764329181301,CH1,POWER,2.40
1764329181306,CH1,POWER,2.40
1764329181311,CH1,POWER,2.40
1764329181316,CH1,POWER,2.40
1764329181321,CH1,POWER,2.40
1764329181329,CH1,POWER,2.40
1764329181335,CH1,POWER,2.40
1764329181341,CH1,POWER,2.40
1764329181349,CH1,POWER,2.40
1764329181355,CH1,POWER,2.40
1764329181360,CH1,POWER,2.40
1764329181366,CH1,POWER,2.40
1764329181371,CH1,POWER,2.40
1764329181375,CH1,POWER,2.40
1764329181403,CH1,POWER,2.40
1764329181408,CH1,POWER,2.40
1764329181413,CH1,POWER,2.40
1764329181421,CH1,POWER,2.40
1764329181427,CH1,POWER,2.40
1764329181432,CH1,POWER,2.40
1764329181437,CH1,POWER,2.40
1764329181442,CH1,POWER,2.40
1764329181447,CH1,POWER,2.40
1764329181452,CH1,POWER,2.40
1764329181457,CH1,POWER,2.40
1764329181462,CH1,POWER,2.40
1764329181467,CH1,POWER,2.40
1764329181472,CH1,POWER,2.40
1764329181477,CH1,POWER,2.40
1764329181482,CH1,POWER,2.40
1764329181487,CH1,POWER,2.40
1764329181492,CH1,POWER,2.40
1764329181498,CH1,POWER,2.40
1764329181503,CH1,POWER,2.40
1764329181511,CH1,POWER,2.40
1764329181517,CH1,POWER,2.40
1764329181523,CH1,POWER,2.40
1764329181528,CH1,POWER,2.40
1764329181531,CH1,MESSAGE,"{""channelId"":""CH1"",""message"":""start,sigmark,1"",""timestamp"":1764329181531}"
1764329181533,CH1,POWER,2.40
1764329181537,CH1,POWER,2.40
1764329181542,CH1,POWER,2.40
1764329181546,CH1,POWER,2.40
1764329181550,CH1,POWER,2.40
1764329181556,CH1,POWER,2.40
1764329181560,CH1,POWER,2.40
1764329181564,CH1,POWER,2.40
1764329181568,CH1,POWER,2.40
1764329181573,CH1,POWER,2.40
1764329181577,CH1,POWER,2.40
1764329181583,CH1,POWER,2.40
1764329181587,CH1,POWER,2.40
1764329181592,CH1,POWER,2.40
1764329181598,CH1,POWER,2.40
1764329181603,CH1,POWER,2.40
1764329181608,CH1,POWER,2.40
1764329181613,CH1,POWER,2.40
1764329181621,CH1,POWER,2.40
1764329181626,CH1,POWER,2.40
1764329181633,CH1,POWER,2.40
1764329181638,CH1,POWER,2.40
1764329181643,CH1,POWER,2.40
1764329181651,CH1,POWER,2.40
1764329181656,CH1,POWER,2.40
1764329181662,CH1,POWER,2.40
1764329181668,CH1,POWER,2.40
1764329181673,CH1,POWER,2.40
1764329181681,CH1,POWER,2.40
1764329181685,CH1,POWER,2.40
1764329181693,CH1,POWER,2.40
1764329181698,CH1,POWER,2.40
1764329181703,CH1,POWER,2.40
1764329181711,CH1,POWER,2.40
1764329181717,CH1,POWER,2.40
1764329181723,CH1,POWER,2.40
1764329181728,CH1,POWER,2.40
1764329181733,CH1,POWER,2.40
1764329181741,CH1,POWER,2.40
1764329181746,CH1,POWER,2.40
1764329181753,CH1,POWER,2.40
1764329181758,CH1,POWER,2.40
1764329181762,CH1,POWER,2.40
1764329181765,CH1,POWER,2.75
1764329181768,CH1,POWER,2.75
1764329181795,CH1,POWER,2.75
1764329181800,CH1,POWER,2.75
1764329181805,CH1,POWER,2.75
1764329181810,CH1,POWER,2.75
1764329181815,CH1,POWER,2.75
1764329181820,CH1,POWER,2.75
1764329181825,CH1,POWER,2.75
1764329181830,CH1,POWER,2.75
1764329181835,CH1,POWER,2.75
1764329181840,CH1,POWER,2.75
1764329181845,CH1,POWER,2.75
1764329181850,CH1,POWER,2.75
1764329181855,CH1,POWER,2.75
1764329181860,CH1,POWER,2.75
1764329181865,CH1,POWER,2.75
1764329181870,CH1,POWER,2.75
1764329181875,CH1,POWER,2.75
1764329181883,CH1,POWER,2.75
1764329181888,CH1,POWER,2.75
1764329181895,CH1,POWER,2.75
1764329181900,CH1,POWER,2.75
1764329181905,CH1,POWER,2.75
1764329181910,CH1,POWER,2.75
1764329181915,CH1,POWER,2.75
1764329181920,CH1,POWER,2.75
1764329181925,CH1,POWER,2.75
1764329181930,CH1,POWER,2.75
1764329181935,CH1,POWER,2.75
1764329181940,CH1,POWER,2.75
1764329181945,CH1,POWER,2.75
1764329181950,CH1,POWER,2.75
1764329181955,CH1,POWER,2.75
1764329181960,CH1,POWER,2.75
1764329181965,CH1,POWER,2.75
1764329181970,CH1,POWER,2.75
1764329181975,CH1,POWER,2.75
1764329181980,CH1,POWER,2.75
1764329181985,CH1,POWER,2.75
1764329181990,CH1,POWER,2.75
1764329181995,CH1,POWER,2.75
1764329182000,CH1,POWER,2.75
1764329182005,CH1,POWER,2.75
1764329182013,CH1,POWER,2.75
1764329182018,CH1,POWER,2.75
1764329182025,CH1,POWER,2.75
1764329182033,CH1,POWER,2.75
1764329182038,CH1,POWER,2.75
1764329182045,CH1,POWER,2.75
1764329182050,CH1,POWER,2.75
1764329182055,CH1,POWER,2.75
1764329182060,CH1,POWER,2.75
1764329182065,CH1,POWER,2.75
1764329182070,CH1,POWER,2.75
1764329182075,CH1,POWER,2.75
1764329182080,CH1,POWER,2.75
1764329182085,CH1,POWER,2.75
1764329182090,CH1,POWER,2.75
1764329182095,CH1,POWER,2.75
1764329182100,CH1,POWER,2.75
1764329182105,CH1,POWER,2.75
1764329182110,CH1,POWER,2.75
1764329182115,CH1,POWER,2.75
1764329182120,CH1,POWER,2.75
1764329182125,CH1,POWER,2.75
1764329182130,CH1,POWER,2.75
1764329182135,CH1,POWER,2.75
1764329182140,CH1,POWER,2.75
1764329182145,CH1,POWER,2.75
1764329182150,CH1,POWER,2.75
1764329182155,CH1,POWER,2.75
1764329182158,CH1,POWER,2.40
1764329182184,CH1,POWER,2.40
1764329182189,CH1,POWER,2.40
1764329182194,CH1,POWER,2.40
1764329182199,CH1,POWER,2.40
1764329182204,CH1,POWER,2.40
1764329182209,CH1,POWER,2.40
1764329182214,CH1,POWER,2.40
1764329182220,CH1,POWER,2.40
1764329182227,CH1,POWER,2.40
1764329182232,CH1,POWER,2.40
1764329182237,CH1,POWER,2.40
1764329182242,CH1,POWER,2.40
1764329182247,CH1,POWER,2.40
1764329182252,CH1,POWER,2.40
1764329182257,CH1,POWER,2.40
1764329182262,CH1,POWER,2.40
1764329182267,CH1,POWER,2.40
1764329182272,CH1,POWER,2.40
1764329182277,CH1,POWER,2.40
1764329182282,CH1,POWER,2.40
1764329182287,CH1,POWER,2.40
1764329182292,CH1,POWER,2.40
1764329182297,CH1,POWER,2.40
1764329182302,CH1,POWER,2.40
1764329182307,CH1,POWER,2.40
1764329182312,CH1,POWER,2.40
1764329182317,CH1,POWER,2.40
1764329182322,CH1,POWER,2.40
1764329182327,CH1,POWER,2.40
1764329182332,CH1,POWER,2.40
1764329182337,CH1,POWER,2.40
1764329182342,CH1,POWER,2.40
1764329182347,CH1,POWER,2.40
1764329182355,CH1,POWER,2.40
1764329182361,CH1,POWER,2.40
1764329182366,CH1,POWER,2.40
1764329182371,CH1,POWER,2.40
1764329182376,CH1,POWER,2.40
1764329182381,CH1,POWER,2.40
1764329182387,CH1,POWER,2.40
1764329182395,CH1,POWER,2.40
1764329182399,CH1,POWER,2.40
1764329182405,CH1,POWER,2.40
1764329182411,CH1,POWER,2.40
1764329182417,CH1,POWER,2.40
1764329182425,CH1,POWER,2.40
1764329182431,CH1,POWER,2.40
1764329182436,CH1,POWER,2.40
1764329182440,CH1,POWER,2.40
1764329182444,CH1,POWER,2.40
1764329182450,CH1,POWER,2.40
1764329182456,CH1,POWER,2.40
1764329182462,CH1,POWER,2.40
1764329182467,CH1,POWER,2.40
1764329182472,CH1,POWER,2.40
1764329182477,CH1,POWER,2.40
1764329182482,CH1,POWER,2.40
1764329182487,CH1,POWER,2.40
1764329182495,CH1,POWER,2.40
1764329182500,CH1,POWER,2.40
1764329182507,CH1,POWER,2.40
1764329182515,CH1,POWER,2.40
1764329182520,CH1,POWER,2.40
1764329182527,CH1,POWER,2.40
1764329182532,CH1,POWER,2.40
1764329182537,CH1,POWER,2.40
1764329182542,CH1,POWER,2.40
1764329182547,CH1,POWER,2.40
1764329182550,CH1,POWER,2.40
1764329182576,CH1,POWER,2.40
1764329182581,CH1,POWER,2.40
1764329182589,CH1,POWER,2.40
1764329182594,CH1,POWER,2.40
1764329182599,CH1,POWER,2.40
1764329182607,CH1,POWER,2.40
1764329182612,CH1,POWER,2.40
1764329182618,CH1,POWER,2.40
1764329182623,CH1,POWER,2.40
1764329182628,CH1,POWER,2.40
1764329182633,CH1,POWER,2.40
1764329182638,CH1,POWER,2.40
1764329182643,CH1,POWER,2.40
1764329182648,CH1,POWER,2.40
1764329182653,CH1,POWER,2.40
1764329182658,CH1,POWER,2.40
1764329182663,CH1,POWER,2.40
1764329182668,CH1,POWER,2.40
1764329182673,CH1,POWER,2.40
1764329182678,CH1,POWER,2.40
1764329182683,CH1,POWER,2.40
1764329182688,CH1,POWER,2.40
1764329182693,CH1,POWER,2.40
1764329182698,CH1,POWER,2.40
1764329182703,CH1,POWER,2.40
1764329182708,CH1,POWER,2.40
1764329182713,CH1,POWER,2.40
1764329182718,CH1,POWER,2.40
1764329182723,CH1,POWER,2.40
1764329182728,CH1,POWER,2.40
1764329182733,CH1,POWER,2.40
1764329182738,CH1,POWER,2.40
1764329182743,CH1,POWER,2.40
1764329182748,CH1,POWER,2.40
1764329182753,CH1,POWER,2.40
1764329182758,CH1,POWER,2.40
1764329182763,CH1,POWER,2.40
1764329182768,CH1,POWER,2.40
1764329182773,CH1,POWER,2.40
1764329182779,CH1,POWER,2.40
1764329182784,CH1,POWER,2.40
1764329182789,CH1,POWER,2.40
1764329182794,CH1,POWER,2.40
1764329182799,CH1,POWER,2.40
1764329182804,CH1,POWER,2.40
1764329182809,CH1,POWER,2.40
1764329182814,CH1,POWER,2.40
1764329182819,CH1,POWER,2.40
1764329182824,CH1,POWER,2.40
1764329182829,CH1,POWER,2.40
1764329182834,CH1,POWER,2.40
1764329182839,CH1,POWER,2.40
1764329182844,CH1,POWER,2.40
1764329182849,CH1,POWER,2.40
1764329182854,CH1,POWER,2.40
1764329182859,CH1,POWER,2.40
1764329182864,CH1,POWER,2.40
1764329182869,CH1,POWER,2.40
1764329182874,CH1,POWER,2.40
1764329182879,CH1,POWER,2.40
1764329182884,CH1,POWER,2.40
1764329182889,CH1,POWER,2.40
1764329182894,CH1,POWER,2.40
1764329182899,CH1,POWER,2.40
1764329182904,CH1,POWER,2.40
1764329182909,CH1,POWER,2.40
1764329182914,CH1,POWER,2.40
1764329182919,CH1,POWER,2.40
1764329182924,CH1,POWER,2.40
1764329182929,CH1,POWER,2.40
1764329182934,CH1,POWER,2.40
1764329182939,CH1,POWER,2.40
1764329182944,CH1,POWER,2.40
1764329182947,CH1,POWER,2.40
1764329182950,CH1,POWER,2.40
1764329182953,CH1,POWER,2.40
1764329182981,CH1,POWER,2.40
1764329182986,CH1,POWER,2.40
1764329182993,CH1,POWER,2.40
1764329182998,CH1,POWER,2.40
1764329183004,CH1,POWER,2.40
1764329183011,CH1,POWER,2.40
1764329183019,CH1,POWER,2.40
1764329183025,CH1,POWER,2.40
1764329183030,CH1,POWER,2.40
1764329183035,CH1,POWER,2.40
1764329183040,CH1,POWER,2.40
1764329183045,CH1,POWER,2.40
1764329183050,CH1,POWER,2.40
1764329183055,CH1,POWER,2.40
1764329183060,CH1,POWER,2.40
1764329183065,CH1,POWER,2.40
1764329183070,CH1,POWER,2.40
1764329183075,CH1,POWER,2.40
1764329183080,CH1,POWER,2.40
1764329183085,CH1,POWER,2.40
1764329183090,CH1,POWER,2.40
1764329183095,CH1,POWER,2.40
1764329183100,CH1,POWER,2.40
1764329183105,CH1,POWER,2.40
1764329183111,CH1,POWER,2.40
1764329183119,CH1,POWER,2.40
1764329183125,CH1,POWER,2.40
1764329183131,CH1,POWER,2.40
1764329183139,CH1,POWER,2.40
1764329183144,CH1,POWER,2.40
1764329183151,CH1,POWER,2.40
1764329183156,CH1,POWER,2.40
1764329183161,CH1,POWER,2.40
1764329183166,CH1,POWER,2.40
1764329183171,CH1,POWER,2.40
1764329183176,CH1,POWER,2.40
1764329183181,CH1,POWER,2.40
1764329183186,CH1,POWER,2.40
1764329183191,CH1,POWER,2.40
1764329183196,CH1,POWER,2.40
1764329183201,CH1,POWER,2.40
1764329183206,CH1,POWER,2.40
1764329183211,CH1,POWER,2.40
1764329183216,CH1,POWER,2.40
1764329183221,CH1,POWER,2.40
1764329183226,CH1,POWER,2.40
1764329183231,CH1,POWER,2.40
1764329183236,CH1,POWER,2.40
1764329183241,CH1,POWER,2.40
1764329183246,CH1,POWER,2.40
1764329183251,CH1,POWER,2.40
1764329183256,CH1,POWER,2.40
1764329183261,CH1,POWER,2.40
1764329183266,CH1,POWER,2.40
1764329183271,CH1,POWER,2.40
1764329183276,CH1,POWER,2.40
1764329183281,CH1,POWER,2.40
1764329183289,CH1,POWER,2.40
1764329183294,CH1,POWER,2.40
1764329183301,CH1,POWER,2.40
1764329183306,CH1,POWER,2.40
1764329183311,CH1,POWER,2.40
1764329183316,CH1,POWER,2.40
1764329183321,CH1,POWER,2.40
1764329183326,CH1,POWER,2.40
1764329183331,CH1,POWER,2.40
1764329183336,CH1,POWER,2.40
1764329183341,CH1,POWER,2.40
1764329183344,CH1,POWER,2.40
1764329183372,CH1,POWER,2.40
1764329183377,CH1,POWER,2.40
1764329183382,CH1,POWER,2.40
1764329183387,CH1,POWER,2.40
1764329183392,CH1,POWER,2.40
1764329183397,CH1,POWER,2.40
1764329183402,CH1,POWER,2.40
1764329183407,CH1,POWER,2.40
1764329183412,CH1,POWER,2.40
1764329183417,CH1,POWER,2.40
1764329183422,CH1,POWER,2.40
1764329183427,CH1,POWER,2.40
1764329183432,CH1,POWER,2.40
1764329183437,CH1,POWER,2.40
1764329183442,CH1,POWER,2.40
1764329183447,CH1,POWER,2.40
1764329183452,CH1,POWER,2.40
1764329183457,CH1,POWER,2.40
1764329183463,CH1,POWER,2.40
1764329183468,CH1,POWER,2.40
1764329183473,CH1,POWER,2.40
1764329183478,CH1,POWER,2.40
1764329183483,CH1,POWER,2.40
1764329183488,CH1,POWER,2.40
1764329183493,CH1,POWER,2.40
1764329183498,CH1,POWER,2.40
1764329183503,CH1,POWER,2.40
1764329183511,CH1,POWER,2.40
1764329183517,CH1,POWER,2.40
1764329183523,CH1,POWER,2.40
1764329183531,CH1,POWER,2.40
1764329183536,CH1,POWER,2.40
1764329183542,CH1,POWER,2.40
1764329183547,CH1,POWER,2.40
1764329183553,CH1,POWER,2.40
1764329183558,CH1,POWER,2.40
1764329183563,CH1,POWER,2.40
1764329183571,CH1,POWER,2.40
1764329183576,CH1,POWER,2.40
1764329183582,CH1,POWER,2.40
1764329183588,CH1,POWER,2.40
1764329183593,CH1,POWER,2.40
1764329183601,CH1,POWER,2.40
1764329183606,CH1,POWER,2.40
1764329183613,CH1,POWER,2.40
1764329183621,CH1,POWER,2.40
1764329183626,CH1,POWER,2.40
1764329183632,CH1,POWER,2.40
1764329183637,CH1,POWER,2.40
1764329183642,CH1,POWER,2.40
1764329183647,CH1,POWER,2.40
1764329183652,CH1,POWER,2.40
1764329183657,CH1,POWER,2.40
1764329183662,CH1,POWER,2.40
1764329183667,CH1,POWER,2.40
1764329183672,CH1,POWER,2.40
1764329183677,CH1,POWER,2.40
1764329183682,CH1,POWER,2.40
1764329183687,CH1,POWER,2.40
1764329183692,CH1,POWER,2.40
1764329183697,CH1,POWER,2.40
1764329183702,CH1,POWER,2.40
1764329183707,CH1,POWER,2.40
1764329183712,CH1,POWER,2.40
1764329183717,CH1,POWER,2.40
1764329183722,CH1,POWER,2.40
1764329183727,CH1,POWER,2.40
1764329183732,CH1,POWER,2.40
1764329183736,CH1,POWER,2.40
1764329183764,CH1,POWER,2.40
1764329183769,CH1,POWER,2.40
1764329183774,CH1,POWER,2.40
1764329183779,CH1,POWER,2.40
1764329183784,CH1,POWER,2.40
1764329183789,CH1,POWER,2.40
1764329183794,CH1,POWER,2.40
1764329183799,CH1,POWER,2.40
1764329183804,CH1,POWER,2.40
1764329183809,CH1,POWER,2.40
1764329183814,CH1,POWER,2.40
1764329183819,CH1,POWER,2.40
1764329183824,CH1,POWER,2.40
1764329183830,CH1,POWER,2.40
1764329183835,CH1,POWER,2.40
1764329183840,CH1,POWER,2.40
1764329183845,CH1,POWER,2.40
1764329183853,CH1,POWER,2.40
1764329183859,CH1,POWER,2.40
1764329183864,CH1,POWER,2.40
1764329183869,CH1,POWER,2.40
1764329183874,CH1,POWER,2.40
1764329183880,CH1,POWER,2.40
1764329183885,CH1,POWER,2.40
1764329183890,CH1,POWER,2.40
1764329183895,CH1,POWER,2.40
1764329183903,CH1,POWER,2.40
1764329183908,CH1,POWER,2.40
1764329183915,CH1,POWER,2.40
1764329183920,CH1,POWER,2.40
1764329183925,CH1,POWER,2.40
1764329183930,CH1,POWER,2.40
1764329183935,CH1,POWER,2.40
1764329183940,CH1,POWER,2.40
1764329183945,CH1,POWER,2.40
1764329183950,CH1,POWER,2.40
1764329183955,CH1,POWER,2.40
1764329183960,CH1,POWER,2.40
1764329183967,CH1,POWER,2.40
1764329183972,CH1,POWER,2.40
1764329183977,CH1,POWER,2.40
1764329183982,CH1,POWER,2.40
1764329183987,CH1,POWER,2.40
1764329183992,CH1,POWER,2.40
1764329183997,CH1,POWER,2.40
1764329184002,CH1,POWER,2.40
1764329184007,CH1,POWER,2.40
1764329184015,CH1,POWER,2.40
1764329184020,CH1,POWER,2.40
1764329184025,CH1,POWER,2.40
1764329184030,CH1,POWER,2.40
1764329184035,CH1,POWER,2.40
1764329184040,CH1,POWER,2.40
1764329184045,CH1,POWER,2.40
1764329184050,CH1,POWER,2.40
1764329184055,CH1,POWER,2.40
1764329184060,CH1,POWER,2.40
1764329184065,CH1,POWER,2.40
1764329184070,CH1,POWER,2.40
1764329184075,CH1,POWER,2.40
1764329184080,CH1,POWER,2.40
1764329184085,CH1,POWER,2.40
1764329184090,CH1,POWER,2.40
1764329184095,CH1,POWER,2.40
1764329184100,CH1,POWER,2.40
1764329184105,CH1,POWER,2.40
1764329184110,CH1,POWER,2.40
1764329184115,CH1,POWER,2.40
1764329184120,CH1,POWER,2.40
1764329184125,CH1,POWER,2.40
1764329184130,CH1,POWER,2.40
1764329184134,CH1,POWER,2.40
1764329184137,CH1,POWER,2.40
1764329184164,CH1,POWER,2.40
1764329184169,CH1,POWER,2.40
1764329184174,CH1,POWER,2.40
1764329184179,CH1,POWER,2.40
1764329184184,CH1,POWER,2.40
1764329184189,CH1,POWER,2.40
1764329184194,CH1,POWER,2.40
1764329184199,CH1,POWER,2.40
1764329184204,CH1,POWER,2.40
1764329184209,CH1,POWER,2.40
1764329184214,CH1,POWER,2.40
1764329184219,CH1,POWER,2.40
1764329184224,CH1,POWER,2.40
1764329184229,CH1,POWER,2.40
1764329184234,CH1,POWER,2.40
1764329184239,CH1,POWER,2.40
1764329184244,CH1,POWER,2.40
1764329184249,CH1,POWER,2.40
1764329184254,CH1,POWER,2.40
1764329184259,CH1,POWER,2.40
1764329184264,CH1,POWER,2.40
1764329184269,CH1,POWER,2.40
1764329184274,CH1,POWER,2.40
1764329184279,CH1,POWER,2.40
1764329184284,CH1,POWER,2.40
1764329184289,CH1,POWER,2.40
1764329184294,CH1,POWER,2.40
1764329184299,CH1,POWER,2.40
1764329184304,CH1,POWER,2.40
1764329184309,CH1,POWER,2.40
1764329184314,CH1,POWER,2.40
1764329184319,CH1,POWER,2.40
1764329184324,CH1,POWER,2.40
1764329184329,CH1,POWER,2.40
1764329184334,CH1,POWER,2.40
1764329184339,CH1,POWER,2.40
1764329184344,CH1,POWER,2.40
1764329184349,CH1,POWER,2.40
1764329184354,CH1,POWER,2.40
1764329184359,CH1,POWER,2.40
1764329184364,CH1,POWER,2.40
1764329184369,CH1,POWER,2.40
1764329184374,CH1,POWER,2.40
1764329184379,CH1,POWER,2.40
1764329184384,CH1,POWER,2.40
1764329184389,CH1,POWER,2.40
1764329184394,CH1,POWER,2.40
1764329184399,CH1,POWER,2.40
1764329184404,CH1,POWER,2.40
1764329184409,CH1,POWER,2.40
1764329184414,CH1,POWER,2.40
1764329184419,CH1,POWER,2.40
1764329184424,CH1,POWER,2.40
1764329184429,CH1,POWER,2.40
1764329184434,CH1,POWER,2.40
1764329184439,CH1,POWER,2.40
1764329184444,CH1,POWER,2.40
1764329184449,CH1,POWER,2.40
1764329184454,CH1,POWER,2.40
1764329184460,CH1,POWER,2.40
1764329184467,CH1,POWER,2.40
1764329184472,CH1,POWER,2.40
1764329184477,CH1,POWER,2.40
1764329184482,CH1,POWER,2.40
1764329184487,CH1,POWER,2.40
1764329184492,CH1,POWER,2.40
1764329184498,CH1,POWER,2.40
1764329184505,CH1,POWER,2.40
1764329184511,CH1,POWER,2.40
1764329184516,CH1,POWER,2.40
1764329184520,CH1,POWER,2.40
1764329184525,CH1,POWER,2.40
1764329184531,CH1,POWER,2.40
1764329184535,CH1,POWER,2.40
1764329184537,CH1,POWER,2.40
1764329184540,CH1,POWER,2.40
1764329184566,CH1,POWER,2.40
1764329184570,CH1,POWER,2.40
1764329184575,CH1,POWER,2.40
1764329184580,CH1,POWER,2.40
1764329184586,CH1,POWER,2.40
1764329184592,CH1,POWER,2.40
1764329184598,CH1,POWER,2.40
1764329184604,CH1,POWER,2.40
1764329184609,CH1,POWER,2.40
1764329184613,CH1,POWER,2.40
1764329184619,CH1,POWER,2.40
1764329184627,CH1,POWER,2.40
1764329184631,CH1,POWER,2.40
1764329184639,CH1,POWER,2.40
1764329184644,CH1,POWER,2.40
1764329184649,CH1,POWER,2.40
1764329184654,CH1,POWER,2.40
1764329184659,CH1,POWER,2.40
1764329184664,CH1,POWER,2.40
1764329184669,CH1,POWER,2.40
1764329184677,CH1,POWER,2.40
1764329184682,CH1,POWER,2.40
1764329184689,CH1,POWER,2.40
1764329184694,CH1,POWER,2.40
1764329184698,CH1,POWER,2.40
1764329184702,CH1,POWER,2.40
1764329184708,CH1,POWER,2.40
1764329184712,CH1,POWER,2.40
1764329184718,CH1,POWER,2.40
1764329184722,CH1,POWER,2.40
1764329184728,CH1,POWER,2.40
1764329184734,CH1,POWER,2.40
1764329184738,CH1,POWER,2.40
1764329184742,CH1,POWER,2.40
1764329184747,CH1,POWER,2.40
1764329184751,CH1,POWER,2.40
1764329184755,CH1,POWER,2.40
1764329184760,CH1,POWER,2.40
1764329184765,CH1,POWER,2.40
1764329184769,CH1,POWER,2.40
1764329184776,CH1,POWER,2.40
1764329184780,CH1,POWER,2.40
1764329184789,CH1,POWER,2.40
1764329184797,CH1,POWER,2.40
1764329184801,CH1,POWER,2.40
1764329184808,CH1,POWER,2.40
1764329184814,CH1,POWER,2.40
1764329184818,CH1,POWER,2.40
1764329184826,CH1,POWER,2.40
1764329184833,CH1,POWER,2.40
1764329184839,CH1,POWER,2.40
1764329184844,CH1,POWER,2.40
1764329184849,CH1,POWER,2.40
1764329184857,CH1,POWER,2.40
1764329184862,CH1,POWER,2.40
1764329184869,CH1,POWER,2.40
1764329184874,CH1,POWER,2.40
1764329184879,CH1,POWER,2.40
1764329184884,CH1,POWER,2.40
1764329184889,CH1,POWER,2.40
1764329184894,CH1,POWER,2.40
1764329184899,CH1,POWER,2.40
1764329184904,CH1,POWER,2.40
1764329184909,CH1,POWER,2.40
1764329184914,CH1,POWER,2.40
1764329184918,CH1,POWER,2.40
1764329184924,CH1,POWER,2.40
1764329184929,CH1,POWER,2.40
1764329184931,CH1,POWER,2.40
1764329184958,CH1,POWER,2.40
1764329184963,CH1,POWER,2.40
1764329184968,CH1,POWER,2.40
1764329184973,CH1,POWER,2.40
1764329184978,CH1,POWER,2.40
1764329184983,CH1,POWER,2.40
1764329184988,CH1,POWER,2.40
1764329184993,CH1,POWER,2.40
1764329184998,CH1,POWER,2.40
1764329185003,CH1,POWER,2.40
1764329185008,CH1,POWER,2.40
1764329185013,CH1,POWER,2.40
1764329185018,CH1,POWER,2.40
1764329185023,CH1,POWER,2.40
1764329185028,CH1,POWER,2.40
1764329185033,CH1,POWER,2.40
1764329185038,CH1,POWER,2.40
1764329185043,CH1,POWER,2.40
1764329185048,CH1,POWER,2.40
1764329185053,CH1,POWER,2.40
1764329185058,CH1,POWER,2.40
1764329185063,CH1,POWER,2.40
1764329185068,CH1,POWER,2.40
1764329185073,CH1,POWER,2.40
1764329185078,CH1,POWER,2.40
1764329185083,CH1,POWER,2.40
1764329185088,CH1,POWER,2.40
1764329185093,CH1,POWER,2.40
1764329185098,CH1,POWER,2.40
1764329185103,CH1,POWER,2.40
1764329185108,CH1,POWER,2.40
1764329185113,CH1,POWER,2.40
1764329185118,CH1,POWER,2.40
1764329185123,CH1,POWER,2.40
1764329185128,CH1,POWER,2.40
1764329185133,CH1,POWER,2.40
1764329185138,CH1,POWER,2.40
1764329185143,CH1,POWER,2.40
1764329185148,CH1,POWER,2.40
1764329185153,CH1,POWER,2.40
1764329185158,CH1,POWER,2.40
1764329185163,CH1,POWER,2.40
1764329185168,CH1,POWER,2.40
1764329185172,CH1,POWER,2.40
1764329185178,CH1,POWER,2.40
1764329185183,CH1,POWER,2.40
1764329185188,CH1,POWER,2.40
1764329185193,CH1,POWER,2.40
1764329185198,CH1,POWER,2.40
1764329185203,CH1,POWER,2.40
1764329185208,CH1,POWER,2.40
1764329185213,CH1,POWER,2.40
1764329185218,CH1,POWER,2.40
1764329185223,CH1,POWER,2.40
1764329185228,CH1,POWER,2.40
1764329185233,CH1,POWER,2.40
1764329185238,CH1,POWER,2.40
1764329185243,CH1,POWER,2.40
1764329185248,CH1,POWER,2.40
1764329185253,CH1,POWER,2.40
1764329185258,CH1,POWER,2.40
1764329185263,CH1,POWER,2.40
1764329185268,CH1,POWER,2.40
1764329185273,CH1,POWER,2.40
1764329185278,CH1,POWER,2.40
1764329185283,CH1,POWER,2.40
1764329185288,CH1,POWER,2.40
1764329185293,CH1,POWER,2.40
1764329185298,CH1,POWER,2.40
1764329185303,CH1,POWER,2.40
1764329185308,CH1,POWER,2.40
1764329185313,CH1,POWER,2.40
1764329185318,CH1,POWER,2.40
1764329185322,CH1,POWER,2.40
1764329185328,CH1,POWER,2.40
1764329185333,CH1,POWER,2.40
1764329185335,CH1,POWER,2.40
1764329185363,CH1,POWER,2.40
1764329185368,CH1,POWER,2.40
1764329185373,CH1,POWER,2.40
1764329185378,CH1,POWER,2.40
1764329185383,CH1,POWER,2.40
1764329185388,CH1,POWER,2.40
1764329185393,CH1,POWER,2.40
1764329185398,CH1,POWER,2.40
1764329185403,CH1,POWER,2.40
1764329185408,CH1,POWER,2.40
1764329185413,CH1,POWER,2.40
1764329185418,CH1,POWER,2.40
1764329185423,CH1,POWER,2.40
1764329185428,CH1,POWER,2.40
1764329185432,CH1,POWER,2.40
1764329185441,CH1,POWER,2.40
1764329185446,CH1,POWER,2.40
1764329185453,CH1,POWER,2.40
1764329185458,CH1,POWER,2.40
1764329185463,CH1,POWER,2.40
1764329185468,CH1,POWER,2.40
1764329185473,CH1,POWER,2.40
1764329185478,CH1,POWER,2.40
1764329185483,CH1,POWER,2.40
1764329185488,CH1,POWER,2.40
1764329185493,CH1,POWER,2.40
1764329185498,CH1,POWER,2.40
1764329185502,CH1,POWER,2.40
1764329185511,CH1,POWER,2.40
1764329185516,CH1,POWER,2.40
1764329185523,CH1,POWER,2.40
1764329185528,CH1,POWER,2.40
1764329185533,CH1,POWER,2.40
1764329185538,CH1,POWER,2.40
1764329185543,CH1,POWER,2.40
1764329185548,CH1,POWER,2.40
1764329185553,CH1,POWER,2.40
1764329185558,CH1,POWER,2.40
1764329185563,CH1,POWER,2.40
1764329185568,CH1,POWER,2.40
1764329185573,CH1,POWER,2.40
1764329185578,CH1,POWER,2.40
1764329185583,CH1,POWER,2.40
1764329185588,CH1,POWER,2.40
1764329185593,CH1,POWER,2.40
1764329185598,CH1,POWER,2.40
1764329185602,CH1,POWER,2.40
1764329185608,CH1,POWER,2.40
1764329185613,CH1,POWER,2.40
1764329185618,CH1,POWER,2.40
1764329185623,CH1,POWER,2.40
1764329185628,CH1,POWER,2.40
1764329185633,CH1,POWER,2.40
1764329185638,CH1,POWER,2.40
1764329185643,CH1,POWER,2.40
1764329185648,CH1,POWER,2.40
1764329185652,CH1,POWER,2.40
1764329185658,CH1,POWER,2.40
1764329185662,CH1,POWER,2.40
1764329185668,CH1,POWER,2.40
1764329185673,CH1,POWER,2.40
1764329185678,CH1,POWER,2.40
1764329185683,CH1,POWER,2.40
1764329185688,CH1,POWER,2.40
1764329185693,CH1,POWER,2.40
1764329185698,CH1,POWER,2.40
1764329185703,CH1,POWER,2.40
1764329185708,CH1,POWER,2.40
1764329185713,CH1,POWER,2.40
1764329185718,CH1,POWER,2.40
1764329185723,CH1,POWER,2.40
1764329185728,CH1,POWER,2.40
1764329185733,CH1,POWER,2.40
1764329185737,CH1,POWER,2.40
1764329185764,CH1,POWER,2.40
1764329185770,CH1,POWER,2.40
1764329185774,CH1,POWER,2.40
1764329185780,CH1,POWER,2.40
1764329185785,CH1,POWER,2.40
1764329185790,CH1,POWER,2.40
1764329185795,CH1,POWER,2.40
1764329185800,CH1,POWER,2.40
1764329185805,CH1,POWER,2.40
1764329185810,CH1,POWER,2.40
1764329185815,CH1,POWER,2.40
1764329185820,CH1,POWER,2.40
1764329185825,CH1,POWER,2.40
1764329185830,CH1,POWER,2.40
1764329185835,CH1,POWER,2.40
1764329185840,CH1,POWER,2.40
1764329185844,CH1,POWER,2.40
1764329185853,CH1,POWER,2.40
1764329185858,CH1,POWER,2.40
1764329185864,CH1,POWER,2.40
1764329185870,CH1,POWER,2.40
1764329185875,CH1,POWER,2.40
1764329185880,CH1,POWER,2.40
1764329185885,CH1,POWER,2.40
1764329185890,CH1,POWER,2.40
1764329185895,CH1,POWER,2.40
1764329185900,CH1,POWER,2.40
1764329185904,CH1,POWER,2.40
1764329185910,CH1,POWER,2.40
1764329185915,CH1,POWER,2.40
1764329185920,CH1,POWER,2.40
1764329185925,CH1,POWER,2.40
1764329185930,CH1,POWER,2.40
1764329185935,CH1,POWER,2.40
1764329185940,CH1,POWER,2.40
1764329185945,CH1,POWER,2.40
1764329185950,CH1,POWER,2.40
1764329185955,CH1,POWER,2.40
1764329185960,CH1,POWER,2.40
1764329185965,CH1,POWER,2.40
1764329185970,CH1,POWER,2.40
1764329185975,CH1,POWER,2.40
1764329185980,CH1,POWER,2.40
1764329185987,CH1,POWER,2.40
1764329185992,CH1,POWER,2.40
1764329185997,CH1,POWER,2.40
1764329186002,CH1,POWER,2.40
1764329186007,CH1,POWER,2.40
1764329186011,CH1,POWER,2.40
1764329186016,CH1,POWER,2.40
1764329186022,CH1,POWER,2.40
1764329186026,CH1,POWER,2.40
1764329186031,CH1,POWER,2.40
1764329186037,CH1,POWER,2.40
1764329186045,CH1,POWER,2.40
1764329186050,CH1,POWER,2.40
1764329186054,CH1,POWER,2.40
1764329186060,CH1,POWER,2.40
1764329186064,CH1,POWER,2.40
1764329186070,CH1,POWER,2.40
1764329186074,CH1,POWER,2.40
1764329186080,CH1,POWER,2.40
1764329186084,CH1,POWER,2.40
1764329186090,CH1,POWER,2.40
1764329186094,CH1,POWER,2.40
1764329186100,CH1,POWER,2.40
1764329186105,CH1,POWER,2.40
1764329186110,CH1,POWER,2.40
1764329186114,CH1,POWER,2.40
1764329186120,CH1,POWER,2.40
1764329186124,CH1,POWER,2.40
1764329186130,CH1,POWER,2.40
1764329186133,CH1,POWER,2.40
1764329186135,CH1,POWER,2.40
1764329186138,CH1,POWER,2.40
1764329186166,CH1,POWER,2.40
1764329186170,CH1,POWER,2.40
1764329186176,CH1,POWER,2.40
1764329186181,CH1,POWER,2.40
1764329186186,CH1,POWER,2.40
1764329186190,CH1,POWER,2.40
1764329186197,CH1,POWER,2.40
1764329186202,CH1,POWER,2.40
1764329186206,CH1,POWER,2.40
1764329186212,CH1,POWER,2.40
1764329186217,CH1,POWER,2.40
1764329186222,CH1,POWER,2.40
1764329186227,CH1,POWER,2.40
1764329186232,CH1,POWER,2.40
1764329186236,CH1,POWER,2.40
1764329186242,CH1,POWER,2.40
1764329186246,CH1,POWER,2.40
1764329186252,CH1,POWER,2.40
1764329186257,CH1,POWER,2.40
1764329186262,CH1,POWER,2.40
1764329186267,CH1,POWER,2.40
1764329186272,CH1,POWER,2.40
1764329186276,CH1,POWER,2.40
1764329186282,CH1,POWER,2.40
1764329186287,CH1,POWER,2.40
1764329186292,CH1,POWER,2.40
1764329186297,CH1,POWER,2.40
1764329186302,CH1,POWER,2.40
1764329186306,CH1,POWER,2.40
1764329186315,CH1,POWER,2.40
1764329186319,CH1,POWER,2.40
1764329186327,CH1,POWER,2.40
1764329186332,CH1,POWER,2.40
1764329186337,CH1,POWER,2.40
1764329186342,CH1,POWER,2.40
1764329186347,CH1,POWER,2.40
1764329186352,CH1,POWER,2.40
1764329186357,CH1,POWER,2.40
1764329186362,CH1,POWER,2.40
1764329186366,CH1,POWER,2.40
1764329186375,CH1,POWER,2.40
1764329186380,CH1,POWER,2.40
1764329186387,CH1,POWER,2.40
1764329186392,CH1,POWER,2.40
1764329186397,CH1,POWER,2.40
1764329186402,CH1,POWER,2.40
1764329186406,CH1,POWER,2.40
1764329186415,CH1,POWER,2.40
1764329186420,CH1,POWER,2.40
1764329186427,CH1,POWER,2.40
1764329186432,CH1,POWER,2.40
1764329186436,CH1,POWER,2.40
1764329186442,CH1,POWER,2.40
1764329186446,CH1,POWER,2.40
1764329186452,CH1,POWER,2.40
1764329186457,CH1,POWER,2.40
1764329186462,CH1,POWER,2.40
1764329186466,CH1,POWER,2.40
1764329186472,CH1,POWER,2.40
1764329186477,CH1,POWER,2.40
1764329186482,CH1,POWER,2.40
1764329186487,CH1,POWER,2.40
1764329186492,CH1,POWER,2.40
1764329186496,CH1,POWER,2.40
1764329186502,CH1,POWER,2.40
1764329186506,CH1,POWER,2.40
1764329186512,CH1,POWER,2.40
1764329186517,CH1,POWER,2.40
1764329186522,CH1,POWER,2.40
1764329186526,CH1,POWER,2.40
1764329186529,CH1,POWER,2.40
1764329186556,CH1,POWER,2.40
1764329186560,CH1,POWER,2.40
1764329186565,CH1,POWER,2.40
1764329186571,CH1,POWER,2.40
1764329186576,CH1,POWER,2.40
1764329186580,CH1,POWER,2.40
1764329186588,CH1,POWER,2.40
1764329186594,CH1,POWER,2.40
1764329186598,CH1,POWER,2.40
1764329186606,CH1,POWER,2.40
1764329186611,CH1,POWER,2.40
1764329186619,CH1,POWER,2.40
1764329186624,CH1,POWER,2.40
1764329186628,CH1,POWER,2.40
1764329186634,CH1,POWER,2.40
1764329186638,CH1,POWER,2.40
1764329186644,CH1,POWER,2.40
1764329186648,CH1,POWER,2.40
1764329186654,CH1,POWER,2.40
1764329186658,CH1,POWER,2.40
1764329186666,CH1,POWER,2.40
1764329186672,CH1,POWER,2.40
1764329186678,CH1,POWER,2.40
1764329186686,CH1,POWER,2.40
1764329186691,CH1,POWER,2.40
1764329186697,CH1,POWER,2.40
1764329186704,CH1,POWER,2.40
1764329186709,CH1,POWER,2.40
1764329186714,CH1,POWER,2.40
1764329186718,CH1,POWER,2.40
1764329186724,CH1,POWER,2.40
1764329186728,CH1,POWER,2.40
1764329186736,CH1,POWER,2.40
1764329186742,CH1,POWER,2.40
1764329186748,CH1,POWER,2.40
1764329186757,CH1,POWER,2.40
1764329186761,CH1,POWER,2.40
1764329186768,CH1,POWER,2.40
1764329186774,CH1,POWER,2.40
1764329186778,CH1,POWER,2.40
1764329186784,CH1,POWER,2.40
1764329186791,CH1,POWER,2.40
1764329186796,CH1,POWER,2.40
1764329186801,CH1,POWER,2.40
1764329186805,CH1,POWER,2.40
1764329186810,CH1,POWER,2.40
1764329186815,CH1,POWER,2.40
1764329186820,CH1,POWER,2.40
1764329186825,CH1,POWER,2.40
1764329186831,CH1,POWER,2.40
1764329186838,CH1,POWER,2.40
1764329186844,CH1,POWER,2.40
1764329186848,CH1,POWER,2.40
1764329186854,CH1,POWER,2.40
1764329186858,CH1,POWER,2.40
1764329186864,CH1,POWER,2.40
1764329186868,CH1,POWER,2.40
1764329186876,CH1,POWER,2.40
1764329186881,CH1,POWER,2.40
1764329186888,CH1,POWER,2.40
1764329186894,CH1,POWER,2.40
1764329186898,CH1,POWER,2.40
1764329186904,CH1,POWER,2.40
1764329186909,CH1,POWER,2.40
1764329186914,CH1,POWER,2.40
1764329186919,CH1,POWER,2.40
1764329186922,CH1,POWER,2.40
1764329186949,CH1,POWER,2.40
1764329186955,CH1,POWER,2.40
1764329186959,CH1,POWER,2.40
1764329186964,CH1,POWER,2.40
1764329186969,CH1,POWER,2.40
1764329186974,CH1,POWER,2.40
1764329186980,CH1,POWER,2.40
1764329186984,CH1,POWER,2.40
1764329186990,CH1,POWER,2.40
1764329186994,CH1,POWER,2.40
1764329187000,CH1,POWER,2.40
1764329187005,CH1,POWER,2.40
1764329187009,CH1,POWER,2.40
1764329187014,CH1,POWER,2.40
1764329187019,CH1,POWER,2.40
1764329187025,CH1,POWER,2.40
1764329187030,CH1,POWER,2.40
1764329187034,CH1,POWER,2.40
1764329187039,CH1,POWER,2.40
1764329187044,CH1,POWER,2.40
1764329187050,CH1,POWER,2.40
1764329187054,CH1,POWER,2.40
1764329187059,CH1,POWER,2.40
1764329187064,CH1,POWER,2.40
1764329187069,CH1,POWER,2.40
1764329187076,CH1,POWER,2.40
1764329187080,CH1,POWER,2.40
1764329187084,CH1,POWER,2.40
1764329187090,CH1,POWER,2.40
1764329187094,CH1,POWER,2.40
1764329187099,CH1,POWER,2.40
1764329187104,CH1,POWER,2.40
1764329187110,CH1,POWER,2.40
1764329187114,CH1,POWER,2.40
1764329187120,CH1,POWER,2.40
1764329187128,CH1,POWER,2.40
1764329187134,CH1,POWER,2.40
1764329187140,CH1,POWER,2.40
1764329187148,CH1,POWER,2.40
1764329187154,CH1,POWER,2.40
1764329187160,CH1,POWER,2.40
1764329187168,CH1,POWER,2.40
1764329187174,CH1,POWER,2.40
1764329187180,CH1,POWER,2.40
1764329187188,CH1,POWER,2.40
1764329187194,CH1,POWER,2.40
1764329187200,CH1,POWER,2.40
1764329187208,CH1,POWER,2.40
1764329187214,CH1,POWER,2.40
1764329187220,CH1,POWER,2.40
1764329187228,CH1,POWER,2.40
1764329187233,CH1,POWER,2.40
1764329187239,CH1,POWER,2.40
1764329187246,CH1,POWER,2.40
1764329187250,CH1,POWER,2.40
1764329187258,CH1,POWER,2.40
1764329187264,CH1,POWER,2.40
1764329187269,CH1,POWER,2.40
1764329187274,CH1,POWER,2.40
1764329187279,CH1,POWER,2.40
1764329187284,CH1,POWER,2.40
1764329187289,CH1,POWER,2.40
1764329187295,CH1,POWER,2.40
1764329187300,CH1,POWER,2.40
1764329187304,CH1,POWER,2.40
1764329187309,CH1,POWER,2.40
1764329187314,CH1,POWER,2.40
1764329187342,CH1,POWER,2.40
1764329187348,CH1,POWER,2.40
1764329187353,CH1,POWER,2.40
1764329187358,CH1,POWER,2.40
1764329187362,CH1,POWER,2.40
1764329187368,CH1,POWER,2.40
1764329187372,CH1,POWER,2.40
1764329187380,CH1,POWER,2.40
1764329187385,CH1,POWER,2.40
1764329187391,CH1,POWER,2.40
1764329187398,CH1,POWER,2.40
1764329187402,CH1,POWER,2.40
1764329187410,CH1,POWER,2.40
1764329187416,CH1,POWER,2.40
1764329187421,CH1,POWER,2.40
1764329187426,CH1,POWER,2.40
1764329187431,CH1,POWER,2.40
1764329187438,CH1,POWER,2.40
1764329187442,CH1,POWER,2.40
1764329187448,CH1,POWER,2.40
1764329187452,CH1,POWER,2.40
1764329187460,CH1,POWER,2.40
1764329187465,CH1,POWER,2.40
1764329187472,CH1,POWER,2.40
1764329187478,CH1,POWER,2.40
1764329187482,CH1,POWER,2.40
1764329187490,CH1,POWER,2.40
1764329187496,CH1,POWER,2.40
1764329187502,CH1,POWER,2.40
1764329187510,CH1,POWER,2.40
1764329187515,CH1,POWER,2.40
1764329187521,CH1,POWER,2.40
1764329187526,CH1,POWER,2.40
1764329187531,CH1,POWER,2.40
1764329187538,CH1,POWER,2.40
1764329187542,CH1,POWER,2.40
1764329187550,CH1,POWER,2.40
1764329187555,CH1,POWER,2.40
1764329187561,CH1,POWER,2.40
1764329187566,CH1,POWER,2.40
1764329187572,CH1,POWER,2.40
1764329187578,CH1,POWER,2.40
1764329187582,CH1,POWER,2.40
1764329187590,CH1,POWER,2.40
1764329187596,CH1,POWER,2.40
1764329187602,CH1,POWER,2.40
1764329187608,CH1,POWER,2.40
1764329187612,CH1,POWER,2.40
1764329187620,CH1,POWER,2.40
1764329187625,CH1,POWER,2.40
1764329187632,CH1,POWER,2.40
1764329187640,CH1,POWER,2.40
1764329187646,CH1,POWER,2.40
1764329187652,CH1,POWER,2.40
1764329187656,CH1,POWER,2.40
1764329187661,CH1,POWER,2.40
1764329187668,CH1,POWER,2.40
1764329187673,CH1,POWER,2.40
1764329187678,CH1,POWER,2.40
1764329187683,CH1,POWER,2.40
1764329187690,CH1,POWER,2.40
1764329187695,CH1,POWER,2.40
1764329187722,CH1,POWER,2.40
1764329187727,CH1,POWER,2.40
1764329187732,CH1,POWER,2.40
1764329187736,CH1,POWER,2.40
1764329187742,CH1,POWER,2.40
1764329187748,CH1,POWER,2.40
1764329187755,CH1,POWER,2.40
1764329187760,CH1,POWER,2.40
1764329187765,CH1,POWER,2.40
1764329187772,CH1,POWER,2.40
1764329187777,CH1,POWER,2.40
1764329187784,CH1,POWER,2.40
1764329187793,CH1,POWER,2.40
1764329187797,CH1,POWER,2.40
1764329187805,CH1,POWER,2.40
1764329187810,CH1,POWER,2.40
1764329187814,CH1,POWER,2.40
1764329187820,CH1,POWER,2.40
1764329187825,CH1,POWER,2.40
1764329187830,CH1,POWER,2.40
1764329187834,CH1,POWER,2.40
1764329187843,CH1,POWER,2.40
1764329187847,CH1,POWER,2.40
1764329187854,CH1,POWER,2.40
1764329187860,CH1,POWER,2.40
1764329187864,CH1,POWER,2.40
1764329187870,CH1,POWER,2.40
1764329187875,CH1,POWER,2.40
1764329187880,CH1,POWER,2.40
1764329187884,CH1,POWER,2.40
1764329187890,CH1,POWER,2.40
1764329187894,CH1,POWER,2.40
1764329187900,CH1,POWER,2.40
1764329187904,CH1,POWER,2.40
1764329187910,CH1,POWER,2.40
1764329187914,CH1,POWER,2.40
1764329187922,CH1,POWER,2.40
1764329187927,CH1,POWER,2.40
1764329187934,CH1,POWER,2.40
1764329187940,CH1,POWER,2.40
1764329187945,CH1,POWER,2.40
1764329187950,CH1,POWER,2.40
1764329187954,CH1,POWER,2.40
1764329187960,CH1,POWER,2.40
1764329187964,CH1,POWER,2.40
1764329187970,CH1,POWER,2.40
1764329187974,CH1,POWER,2.40
1764329187980,CH1,POWER,2.40
1764329187984,CH1,POWER,2.40
1764329187992,CH1,POWER,2.40
1764329187997,CH1,POWER,2.40
1764329188005,CH1,POWER,2.40
1764329188010,CH1,POWER,2.40
1764329188014,CH1,POWER,2.40
1764329188020,CH1,POWER,2.40
1764329188024,CH1,POWER,2.40
1764329188030,CH1,POWER,2.40
1764329188034,CH1,POWER,2.40
1764329188040,CH1,POWER,2.40
1764329188044,CH1,POWER,2.40
1764329188052,CH1,POWER,2.40
1764329188057,CH1,POWER,2.40
1764329188065,CH1,POWER,2.40
1764329188070,CH1,POWER,2.40
1764329188074,CH1,POWER,2.40
1764329188080,CH1,POWER,2.40
1764329188085,CH1,POWER,2.40
1764329188090,CH1,POWER,2.40
1764329188093,CH1,POWER,2.40
1764329188097,CH1,POWER,2.40
1764329188123,CH1,POWER,2.40
1764329188128,CH1,POWER,2.40
1764329188136,CH1,POWER,2.40
1764329188144,CH1,POWER,2.40
1764329188148,CH1,POWER,2.40
1764329188154,CH1,POWER,2.40
1764329188158,CH1,POWER,2.40
1764329188164,CH1,POWER,2.40
1764329188168,CH1,POWER,2.40
1764329188174,CH1,POWER,2.40
1764329188178,CH1,POWER,2.40
1764329188183,CH1,POWER,2.40
1764329188187,CH1,POWER,2.40
1764329188194,CH1,POWER,2.40
1764329188199,CH1,POWER,2.40
1764329188203,CH1,POWER,2.40
1764329188207,CH1,POWER,2.40
1764329188214,CH1,POWER,2.40
1764329188219,CH1,POWER,2.40
1764329188223,CH1,POWER,2.40
1764329188229,CH1,POWER,2.40
1764329188233,CH1,POWER,2.40
1764329188238,CH1,POWER,2.40
1764329188244,CH1,POWER,2.40
1764329188248,CH1,POWER,2.40
1764329188254,CH1,POWER,2.40
1764329188258,CH1,POWER,2.40
1764329188266,CH1,POWER,2.40
1764329188272,CH1,POWER,2.40
1764329188276,CH1,POWER,2.40
1764329188282,CH1,POWER,2.40
1764329188286,CH1,POWER,2.40
1764329188290,CH1,POWER,2.40
1764329188295,CH1,POWER,2.40
1764329188302,CH1,POWER,2.40
1764329188306,CH1,POWER,2.40
1764329188312,CH1,POWER,2.40
1764329188316,CH1,POWER,2.40
1764329188324,CH1,POWER,2.40
1764329188329,CH1,POWER,2.40
1764329188336,CH1,POWER,2.40
1764329188342,CH1,POWER,2.40
1764329188347,CH1,POWER,2.40
1764329188354,CH1,POWER,2.40
1764329188359,CH1,POWER,2.40
1764329188366,CH1,POWER,2.40
1764329188374,CH1,POWER,2.40
1764329188379,CH1,POWER,2.40
1764329188386,CH1,POWER,2.40
1764329188392,CH1,POWER,2.40
1764329188398,CH1,POWER,2.40
1764329188403,CH1,POWER,2.40
1764329188408,CH1,POWER,2.40
1764329188413,CH1,POWER,2.40
1764329188418,CH1,POWER,2.40
1764329188423,CH1,POWER,2.40
1764329188428,CH1,POWER,2.40
1764329188433,CH1,POWER,2.40
1764329188438,CH1,POWER,2.40
1764329188444,CH1,POWER,2.40
1764329188448,CH1,POWER,2.40
1764329188453,CH1,POWER,2.40
1764329188458,CH1,POWER,2.40
1764329188463,CH1,POWER,2.40
1764329188468,CH1,POWER,2.40
1764329188473,CH1,POWER,2.40
1764329188478,CH1,POWER,2.40
1764329188483,CH1,POWER,2.40
1764329188487,CH1,POWER,2.40
1764329188490,CH1,POWER,2.40
1764329188518,CH1,POWER,2.40
1764329188524,CH1,POWER,2.40
1764329188528,CH1,POWER,2.40
1764329188534,CH1,POWER,2.40
1764329188538,CH1,POWER,2.40
1764329188544,CH1,POWER,2.40
1764329188548,CH1,POWER,2.40
1764329188554,CH1,POWER,2.40
1764329188558,CH1,POWER,2.40
1764329188564,CH1,POWER,2.40
1764329188568,CH1,POWER,2.40
1764329188574,CH1,POWER,2.40
1764329188578,CH1,POWER,2.40
1764329188584,CH1,POWER,2.40
1764329188588,CH1,POWER,2.40
1764329188594,CH1,POWER,2.40
1764329188598,CH1,POWER,2.40
1764329188602,CH1,POWER,2.40
1764329188607,CH1,POWER,2.40
1764329188612,CH1,POWER,2.40
1764329188617,CH1,POWER,2.40
1764329188622,CH1,POWER,2.40
1764329188627,CH1,POWER,2.40
1764329188632,CH1,POWER,2.40
1764329188637,CH1,POWER,2.40
1764329188643,CH1,POWER,2.40
1764329188647,CH1,POWER,2.40
1764329188652,CH1,POWER,2.40
1764329188657,CH1,POWER,2.40
1764329188661,CH1,POWER,2.40
1764329188667,CH1,POWER,2.40
1764329188672,CH1,POWER,2.40
1764329188678,CH1,POWER,2.40
1764329188684,CH1,POWER,2.40
1764329188688,CH1,POWER,2.40
1764329188694,CH1,POWER,2.40
1764329188698,CH1,POWER,2.40
1764329188706,CH1,POWER,2.40
1764329188711,CH1,POWER,2.40
1764329188718,CH1,POWER,2.40
1764329188724,CH1,POWER,2.40
1764329188728,CH1,POWER,2.40
1764329188734,CH1,POWER,2.40
1764329188738,CH1,POWER,2.40
1764329188744,CH1,POWER,2.40
1764329188748,CH1,POWER,2.40
1764329188754,CH1,POWER,2.40
1764329188758,CH1,POWER,2.40
1764329188764,CH1,POWER,2.40
1764329188768,CH1,POWER,2.40
1764329188774,CH1,POWER,2.40
1764329188778,CH1,POWER,2.40
1764329188784,CH1,POWER,2.40
1764329188788,CH1,POWER,2.40
1764329188792,CH1,POWER,2.40
1764329188798,CH1,POWER,2.40
1764329188806,CH1,POWER,2.40
1764329188812,CH1,POWER,2.40
1764329188818,CH1,POWER,2.40
1764329188826,CH1,POWER,2.40
1764329188831,CH1,POWER,2.40
1764329188837,CH1,POWER,2.40
1764329188842,CH1,POWER,2.40
1764329188848,CH1,POWER,2.40
1764329188854,CH1,POWER,2.40
1764329188858,CH1,POWER,2.40
1764329188866,CH1,POWER,2.40
1764329188871,CH1,POWER,2.40
1764329188877,CH1,POWER,2.40
1764329188882,CH1,POWER,2.40
1764329188887,CH1,POWER,2.40
1764329188889,CH1,POWER,2.40
1764329188893,CH1,POWER,2.40
1764329188920,CH1,POWER,2.40
1764329188926,CH1,POWER,2.40
1764329188930,CH1,POWER,2.40
1764329188936,CH1,POWER,2.40
1764329188940,CH1,POWER,2.40
1764329188948,CH1,POWER,2.40
1764329188953,CH1,POWER,2.40
1764329188960,CH1,POWER,2.40
1764329188966,CH1,POWER,2.40
1764329188970,CH1,POWER,2.40
1764329188978,CH1,POWER,2.40
1764329188983,CH1,POWER,2.40
1764329188990,CH1,POWER,2.40
1764329188996,CH1,POWER,2.40
1764329189001,CH1,POWER,2.40
1764329189006,CH1,POWER,2.40
1764329189010,CH1,POWER,2.40
1764329189016,CH1,POWER,2.40
1764329189020,CH1,POWER,2.40
1764329189026,CH1,POWER,2.40
1764329189030,CH1,POWER,2.40
1764329189036,CH1,POWER,2.40
1764329189040,CH1,POWER,2.40
1764329189047,CH1,POWER,2.40
1764329189051,CH1,POWER,2.40
1764329189058,CH1,POWER,2.40
1764329189063,CH1,POWER,2.40
1764329189070,CH1,POWER,2.40
1764329189076,CH1,POWER,2.40
1764329189080,CH1,POWER,2.40
1764329189086,CH1,POWER,2.40
1764329189090,CH1,POWER,2.40
1764329189096,CH1,POWER,2.40
1764329189100,CH1,POWER,2.40
1764329189106,CH1,POWER,2.40
1764329189110,CH1,POWER,2.40
1764329189116,CH1,POWER,2.40
1764329189120,CH1,POWER,2.40
1764329189126,CH1,POWER,2.40
1764329189130,CH1,POWER,2.40
1764329189136,CH1,POWER,2.40
1764329189140,CH1,POWER,2.40
1764329189146,CH1,POWER,2.40
1764329189150,CH1,POWER,2.40
1764329189156,CH1,POWER,2.40
1764329189160,CH1,POWER,2.40
1764329189166,CH1,POWER,2.40
1764329189170,CH1,POWER,2.40
1764329189176,CH1,POWER,2.40
1764329189180,CH1,POWER,2.40
1764329189186,CH1,POWER,2.40
1764329189190,CH1,POWER,2.40
1764329189196,CH1,POWER,2.40
1764329189200,CH1,POWER,2.40
1764329189206,CH1,POWER,2.40
1764329189210,CH1,POWER,2.40
1764329189216,CH1,POWER,2.40
1764329189220,CH1,POWER,2.40
1764329189226,CH1,POWER,2.40
1764329189230,CH1,POWER,2.40
1764329189236,CH1,POWER,2.40
1764329189240,CH1,POWER,2.40
1764329189246,CH1,POWER,2.40
1764329189251,CH1,POWER,2.40
1764329189256,CH1,POWER,2.40
1764329189260,CH1,POWER,2.40
1764329189266,CH1,POWER,2.40
1764329189270,CH1,POWER,2.40
1764329189276,CH1,POWER,2.40
1764329189280,CH1,POWER,2.40
1764329189286,CH1,POWER,2.40
1764329189290,CH1,POWER,2.40
1764329189293,CH1,POWER,2.40
1764329189319,CH1,POWER,2.40
1764329189324,CH1,POWER,2.40
1764329189329,CH1,POWER,2.40
1764329189334,CH1,POWER,2.40
1764329189339,CH1,POWER,2.40
1764329189344,CH1,POWER,2.40
1764329189349,CH1,POWER,2.40
1764329189354,CH1,POWER,2.40
1764329189359,CH1,POWER,2.40
1764329189364,CH1,POWER,2.40
1764329189369,CH1,POWER,2.40
1764329189374,CH1,POWER,2.40
1764329189379,CH1,POWER,2.40
1764329189384,CH1,POWER,2.40
1764329189393,CH1,POWER,2.40
1764329189398,CH1,POWER,2.40
1764329189402,CH1,POWER,2.40
1764329189408,CH1,POWER,2.40
1764329189414,CH1,POWER,2.40
1764329189424,CH1,POWER,2.40
1764329189430,CH1,POWER,2.40
1764329189435,CH1,POWER,2.40
1764329189442,CH1,POWER,2.40
1764329189448,CH1,POWER,2.40
1764329189452,CH1,POWER,2.40
1764329189458,CH1,POWER,2.40
1764329189462,CH1,POWER,2.40
1764329189470,CH1,POWER,2.40
1764329189475,CH1,POWER,2.40
1764329189481,CH1,POWER,2.40
1764329189488,CH1,POWER,2.40
1764329189492,CH1,POWER,2.40
1764329189496,CH1,POWER,2.40
1764329189502,CH1,POWER,2.40
1764329189506,CH1,POWER,2.40
1764329189512,CH1,POWER,2.40
1764329189516,CH1,POWER,2.40
1764329189522,CH1,POWER,2.40
1764329189526,CH1,POWER,2.40
1764329189532,CH1,POWER,2.40
1764329189536,CH1,POWER,2.40
1764329189542,CH1,POWER,2.40
1764329189550,CH1,POWER,2.40
1764329189556,CH1,POWER,2.40
1764329189562,CH1,POWER,2.40
1764329189566,CH1,POWER,2.40
1764329189571,CH1,POWER,2.40
1764329189576,CH1,POWER,2.40
1764329189581,CH1,POWER,2.40
1764329189585,CH1,POWER,2.40
1764329189592,CH1,POWER,2.40
1764329189600,CH1,POWER,2.40
1764329189606,CH1,POWER,2.40
1764329189612,CH1,POWER,2.40
1764329189616,CH1,POWER,2.40
1764329189622,CH1,POWER,2.40
1764329189628,CH1,POWER,2.40
1764329189632,CH1,POWER,2.40
1764329189640,CH1,POWER,2.40
1764329189646,CH1,POWER,2.40
1764329189651,CH1,POWER,2.40
1764329189658,CH1,POWER,2.40
1764329189662,CH1,POWER,2.40
1764329189666,CH1,POWER,2.40
1764329189672,CH1,POWER,2.40
1764329189678,CH1,POWER,2.40
1764329189682,CH1,POWER,2.40
1764329189688,CH1,POWER,2.40
1764329189691,CH1,POWER,2.40
1764329189694,CH1,POWER,2.40
1764329189697,CH1,POWER,2.40
1764329189724,CH1,POWER,2.40
1764329189730,CH1,POWER,2.40
1764329189734,CH1,POWER,2.40
1764329189740,CH1,POWER,2.40
1764329189744,CH1,POWER,2.40
1764329189752,CH1,POWER,2.40
1764329189757,CH1,POWER,2.40
1764329189764,CH1,POWER,2.40
1764329189770,CH1,POWER,2.40
1764329189776,CH1,POWER,2.40
1764329189781,CH1,POWER,2.40
1764329189786,CH1,POWER,2.40
1764329189791,CH1,POWER,2.40
1764329189796,CH1,POWER,2.40
1764329189801,CH1,POWER,2.40
1764329189807,CH1,POWER,2.40
1764329189814,CH1,POWER,2.40
1764329189820,CH1,POWER,2.40
1764329189824,CH1,POWER,2.40
1764329189830,CH1,POWER,2.40
1764329189834,CH1,POWER,2.40
1764329189840,CH1,POWER,2.40
1764329189844,CH1,POWER,2.40
1764329189850,CH1,POWER,2.40
1764329189855,CH1,POWER,2.40
1764329189862,CH1,POWER,2.40
1764329189867,CH1,POWER,2.40
1764329189874,CH1,POWER,2.40
1764329189880,CH1,POWER,2.40
1764329189884,CH1,POWER,2.40
1764329189890,CH1,POWER,2.40
1764329189894,CH1,POWER,2.40
1764329189900,CH1,POWER,2.40
1764329189904,CH1,POWER,2.40
1764329189910,CH1,POWER,2.40
1764329189914,CH1,POWER,2.40
1764329189920,CH1,POWER,2.40
1764329189927,CH1,POWER,2.40
1764329189931,CH1,POWER,2.40
1764329189936,CH1,POWER,2.40
1764329189941,CH1,POWER,2.40
1764329189946,CH1,POWER,2.40
1764329189951,CH1,POWER,2.40
1764329189956,CH1,POWER,2.40
1764329189961,CH1,POWER,2.40
1764329189965,CH1,POWER,2.40
1764329189969,CH1,POWER,2.40
1764329189974,CH1,POWER,2.40
1764329189978,CH1,POWER,2.40
1764329189984,CH1,POWER,2.40
1764329189988,CH1,POWER,2.40
1764329189994,CH1,POWER,2.40
1764329189998,CH1,POWER,2.40
1764329190004,CH1,POWER,2.40
1764329190012,CH1,POWER,2.40
1764329190018,CH1,POWER,2.40
1764329190024,CH1,POWER,2.40
1764329190032,CH1,POWER,2.40
1764329190038,CH1,POWER,2.40
1764329190044,CH1,POWER,2.40
1764329190050,CH1,POWER,2.40
1764329190054,CH1,POWER,2.40
1764329190058,CH1,POWER,2.40
1764329190064,CH1,POWER,2.40
1764329190072,CH1,POWER,2.40
1764329190078,CH1,POWER,2.40
1764329190083,CH1,POWER,2.40
1764329190090,CH1,POWER,2.40
1764329190093,CH1,POWER,2.40
1764329190096,CH1,POWER,2.40
1764329190123,CH1,POWER,2.40
1764329190128,CH1,POWER,2.40
1764329190133,CH1,POWER,2.40
1764329190139,CH1,POWER,2.40
1764329190143,CH1,POWER,2.40
1764329190148,CH1,POWER,2.40
1764329190153,CH1,POWER,2.40
1764329190158,CH1,POWER,2.40
1764329190164,CH1,POWER,2.40
1764329190168,CH1,POWER,2.40
1764329190173,CH1,POWER,2.40
1764329190178,CH1,POWER,2.40
1764329190183,CH1,POWER,2.40
1764329190189,CH1,POWER,2.40
1764329190193,CH1,POWER,2.40
1764329190199,CH1,POWER,2.40
1764329190203,CH1,POWER,2.40
1764329190208,CH1,POWER,2.40
1764329190214,CH1,POWER,2.40
1764329190218,CH1,POWER,2.40
1764329190223,CH1,POWER,2.40
1764329190228,CH1,POWER,2.40
1764329190233,CH1,POWER,2.40
1764329190239,CH1,POWER,2.40
1764329190243,CH1,POWER,2.40
1764329190248,CH1,POWER,2.40
1764329190253,CH1,POWER,2.40
1764329190258,CH1,POWER,2.40
1764329190264,CH1,POWER,2.40
1764329190268,CH1,POWER,2.40
1764329190273,CH1,POWER,2.40
1764329190279,CH1,POWER,2.40
1764329190287,CH1,POWER,2.40
1764329190294,CH1,POWER,2.40
1764329190299,CH1,POWER,2.40
1764329190306,CH1,POWER,2.40
1764329190312,CH1,POWER,2.40
1764329190317,CH1,POWER,2.40
1764329190324,CH1,POWER,2.40
1764329190329,CH1,POWER,2.40
1764329190336,CH1,POWER,2.40
1764329190342,CH1,POWER,2.40
1764329190347,CH1,POWER,2.40
1764329190355,CH1,POWER,2.40
1764329190360,CH1,POWER,2.40
1764329190365,CH1,POWER,2.40
1764329190370,CH1,POWER,2.40
1764329190375,CH1,POWER,2.40
1764329190380,CH1,POWER,2.40
1764329190385,CH1,POWER,2.40
1764329190390,CH1,POWER,2.40
1764329190395,CH1,POWER,2.40
1764329190400,CH1,POWER,2.40
1764329190405,CH1,POWER,2.40
1764329190410,CH1,POWER,2.40
1764329190415,CH1,POWER,2.40
1764329190420,CH1,POWER,2.40
1764329190425,CH1,POWER,2.40
1764329190431,CH1,POWER,2.40
1764329190435,CH1,POWER,2.40
1764329190440,CH1,POWER,2.40
1764329190445,CH1,POWER,2.40
1764329190450,CH1,POWER,2.40
1764329190455,CH1,POWER,2.40
1764329190460,CH1,POWER,2.40
1764329190465,CH1,POWER,2.40
1764329190470,CH1,POWER,2.40
1764329190475,CH1,POWER,2.40
1764329190481,CH1,POWER,2.40
1764329190486,CH1,POWER,2.40
1764329190488,CH1,POWER,2.40
1764329190491,CH1,POWER,2.40
1764329190518,CH1,POWER,2.40
1764329190524,CH1,POWER,2.40
1764329190530,CH1,POWER,2.40
1764329190535,CH1,POWER,2.40
1764329190540,CH1,POWER,2.40
1764329190545,CH1,POWER,2.40
1764329190550,CH1,POWER,2.40
1764329190556,CH1,POWER,2.40
1764329190561,CH1,POWER,2.40
1764329190569,CH1,POWER,2.40
1764329190574,CH1,POWER,2.40
1764329190580,CH1,POWER,2.40
1764329190585,CH1,POWER,2.40
1764329190590,CH1,POWER,2.40
1764329190595,CH1,POWER,2.40
1764329190600,CH1,POWER,2.40
1764329190605,CH1,POWER,2.40
1764329190610,CH1,POWER,2.40
1764329190615,CH1,POWER,2.40
1764329190620,CH1,POWER,2.40
1764329190625,CH1,POWER,2.40
1764329190630,CH1,POWER,2.40
1764329190635,CH1,POWER,2.40
1764329190640,CH1,POWER,2.40
1764329190645,CH1,POWER,2.40
1764329190651,CH1,POWER,2.40
1764329190658,CH1,POWER,2.40
1764329190664,CH1,POWER,2.40
1764329190671,CH1,POWER,2.40
1764329190678,CH1,POWER,2.40
1764329190684,CH1,POWER,2.40
1764329190690,CH1,POWER,2.40
1764329190695,CH1,POWER,2.40
1764329190700,CH1,POWER,2.40
1764329190705,CH1,POWER,2.40
1764329190711,CH1,POWER,2.40
1764329190717,CH1,POWER,2.40
1764329190722,CH1,POWER,2.40
1764329190727,CH1,POWER,2.40
1764329190732,CH1,POWER,2.40
1764329190737,CH1,POWER,2.40
1764329190742,CH1,POWER,2.40
1764329190749,CH1,POWER,2.40
1764329190754,CH1,POWER,2.40
1764329190758,CH1,POWER,2.40
1764329190764,CH1,POWER,2.40
1764329190768,CH1,POWER,2.40
1764329190774,CH1,POWER,2.40
1764329190778,CH1,POWER,2.40
1764329190784,CH1,POWER,2.40
1764329190789,CH1,POWER,2.40
1764329190794,CH1,POWER,2.40
1764329190798,CH1,POWER,2.40
1764329190804,CH1,POWER,2.40
1764329190808,CH1,POWER,2.40
1764329190814,CH1,POWER,2.40
1764329190818,CH1,POWER,2.40
1764329190824,CH1,POWER,2.40
1764329190828,CH1,POWER,2.40
1764329190834,CH1,POWER,2.40
1764329190838,CH1,POWER,2.40
1764329190844,CH1,POWER,2.40
1764329190848,CH1,POWER,2.40
1764329190854,CH1,POWER,2.40
1764329190858,CH1,POWER,2.40
1764329190864,CH1,POWER,2.40
1764329190869,CH1,POWER,2.40
1764329190876,CH1,POWER,2.40
1764329190881,CH1,POWER,2.40
1764329190908,CH1,POWER,2.40
1764329190912,CH1,POWER,2.40
1764329190917,CH1,POWER,2.40
1764329190922,CH1,POWER,2.40
1764329190927,CH1,POWER,2.40
1764329190933,CH1,POWER,2.40
1764329190939,CH1,POWER,2.40
1764329190946,CH1,POWER,2.40
1764329190950,CH1,POWER,2.40
1764329190956,CH1,POWER,2.40
1764329190960,CH1,POWER,2.40
1764329190966,CH1,POWER,2.40
1764329190970,CH1,POWER,2.40
1764329190976,CH1,POWER,2.40
1764329190980,CH1,POWER,2.40
1764329190986,CH1,POWER,2.40
1764329190990,CH1,POWER,2.40
1764329190996,CH1,POWER,2.40
1764329191000,CH1,POWER,2.40
1764329191006,CH1,POWER,2.40
1764329191010,CH1,POWER,2.40
1764329191016,CH1,POWER,2.40
1764329191020,CH1,POWER,2.40
1764329191026,CH1,POWER,2.40
1764329191031,CH1,POWER,2.40
1764329191039,CH1,POWER,2.40
1764329191043,CH1,POWER,2.40
1764329191050,CH1,POWER,2.40
1764329191056,CH1,POWER,2.40
1764329191060,CH1,POWER,2.40
1764329191066,CH1,POWER,2.40
1764329191070,CH1,POWER,2.40
1764329191076,CH1,POWER,2.40
1764329191080,CH1,POWER,2.40
1764329191086,CH1,POWER,2.40
1764329191090,CH1,POWER,2.40
1764329191096,CH1,POWER,2.40
1764329191100,CH1,POWER,2.40
1764329191106,CH1,POWER,2.40
1764329191111,CH1,POWER,2.40
1764329191116,CH1,POWER,2.40
1764329191120,CH1,POWER,2.40
1764329191126,CH1,POWER,2.40
1764329191130,CH1,POWER,2.40
1764329191136,CH1,POWER,2.40
1764329191140,CH1,POWER,2.40
1764329191146,CH1,POWER,2.40
1764329191150,CH1,POWER,2.40
1764329191156,CH1,POWER,2.40
1764329191161,CH1,POWER,2.40
1764329191168,CH1,POWER,2.40
1764329191173,CH1,POWER,2.40
1764329191181,CH1,POWER,2.40
1764329191189,CH1,POWER,2.40
1764329191193,CH1,POWER,2.40
1764329191200,CH1,POWER,2.40
1764329191206,CH1,POWER,2.40
1764329191210,CH1,POWER,2.40
1764329191216,CH1,POWER,2.40
1764329191220,CH1,POWER,2.40
1764329191226,CH1,POWER,2.40
1764329191230,CH1,POWER,2.40
1764329191236,CH1,POWER,2.40
1764329191240,CH1,POWER,2.40
1764329191246,CH1,POWER,2.40
1764329191251,CH1,POWER,2.40
1764329191258,CH1,POWER,2.40
1764329191264,CH1,POWER,2.40
1764329191270,CH1,POWER,2.40
1764329191298,CH1,POWER,2.40
1764329191303,CH1,POWER,2.40
1764329191310,CH1,POWER,2.40
1764329191315,CH1,POWER,2.40
1764329191322,CH1,POWER,2.40
1764329191328,CH1,POWER,2.40
1764329191332,CH1,POWER,2.40
1764329191338,CH1,POWER,2.40
1764329191343,CH1,POWER,2.40
1764329191350,CH1,POWER,2.40
1764329191355,CH1,POWER,2.40
1764329191362,CH1,POWER,2.40
1764329191368,CH1,POWER,2.40
1764329191374,CH1,POWER,2.40
1764329191383,CH1,POWER,2.40
1764329191388,CH1,POWER,2.40
1764329191392,CH1,POWER,2.40
1764329191398,CH1,POWER,2.40
1764329191402,CH1,POWER,2.40
1764329191408,CH1,POWER,2.40
1764329191412,CH1,POWER,2.40
1764329191418,CH1,POWER,2.40
1764329191422,CH1,POWER,2.40
1764329191428,CH1,POWER,2.40
1764329191432,CH1,POWER,2.40
1764329191438,CH1,POWER,2.40
1764329191443,CH1,POWER,2.40
1764329191450,CH1,POWER,2.40
1764329191455,CH1,POWER,2.40
1764329191462,CH1,POWER,2.40
1764329191468,CH1,POWER,2.40
1764329191472,CH1,POWER,2.40
1764329191478,CH1,POWER,2.40
1764329191482,CH1,POWER,2.40
1764329191488,CH1,POWER,2.40
1764329191493,CH1,POWER,2.40
1764329191500,CH1,POWER,2.40
1764329191505,CH1,POWER,2.40
1764329191512,CH1,POWER,2.40
1764329191518,CH1,POWER,2.40
1764329191522,CH1,POWER,2.40
1764329191530,CH1,POWER,2.40
1764329191535,CH1,POWER,2.40
1764329191542,CH1,POWER,2.40
1764329191548,CH1,POWER,2.40
1764329191552,CH1,POWER,2.40
1764329191558,CH1,POWER,2.40
1764329191563,CH1,POWER,2.40
1764329191570,CH1,POWER,2.40
1764329191575,CH1,POWER,2.40
1764329191582,CH1,POWER,2.40
1764329191588,CH1,POWER,2.40
1764329191594,CH1,POWER,2.40
1764329191599,CH1,POWER,2.40
1764329191605,CH1,POWER,2.40
1764329191612,CH1,POWER,2.40
1764329191618,CH1,POWER,2.40
1764329191622,CH1,POWER,2.40
1764329191628,CH1,POWER,2.40
1764329191632,CH1,POWER,2.40
1764329191638,CH1,POWER,2.40
1764329191643,CH1,POWER,2.40
1764329191649,CH1,POWER,2.40
1764329191654,CH1,POWER,2.40
1764329191659,CH1,POWER,2.40
1764329191663,CH1,POWER,2.40
1764329191666,CH1,POWER,2.40
1764329191693,CH1,POWER,2.40
1764329191698,CH1,POWER,2.40
1764329191703,CH1,POWER,2.40
1764329191708,CH1,POWER,2.40
1764329191713,CH1,POWER,2.40
1764329191718,CH1,POWER,2.40
1764329191723,CH1,POWER,2.40
1764329191728,CH1,POWER,2.40
1764329191733,CH1,POWER,2.40
1764329191739,CH1,POWER,2.40
1764329191744,CH1,POWER,2.40
1764329191750,CH1,POWER,2.40
1764329191755,CH1,POWER,2.40
1764329191762,CH1,POWER,2.40
1764329191767,CH1,POWER,2.40
1764329191774,CH1,POWER,2.40
1764329191780,CH1,POWER,2.40
1764329191785,CH1,POWER,2.40
1764329191792,CH1,POWER,2.40
1764329191797,CH1,POWER,2.40
1764329191804,CH1,POWER,2.40
1764329191810,CH1,POWER,2.40
1764329191814,CH1,POWER,2.40
1764329191820,CH1,POWER,2.40
1764329191824,CH1,POWER,2.40
1764329191830,CH1,POWER,2.40
1764329191835,CH1,POWER,2.40
1764329191842,CH1,POWER,2.40
1764329191848,CH1,POWER,2.40
1764329191853,CH1,POWER,2.40
1764329191858,CH1,POWER,2.40
1764329191864,CH1,POWER,2.40
1764329191872,CH1,POWER,2.40
1764329191877,CH1,POWER,2.40
1764329191884,CH1,POWER,2.40
1764329191889,CH1,POWER,2.40
1764329191894,CH1,POWER,2.40
1764329191898,CH1,POWER,2.40
1764329191903,CH1,POWER,2.40
1764329191908,CH1,POWER,2.40
1764329191913,CH1,POWER,2.40
1764329191918,CH1,POWER,2.40
1764329191923,CH1,POWER,2.40
1764329191928,CH1,POWER,2.40
1764329191933,CH1,POWER,2.40
1764329191938,CH1,POWER,2.40
1764329191943,CH1,POWER,2.40
1764329191948,CH1,POWER,2.40
1764329191953,CH1,POWER,2.40
1764329191958,CH1,POWER,2.40
1764329191964,CH1,POWER,2.40
1764329191970,CH1,POWER,2.40
1764329191976,CH1,POWER,2.40
1764329191981,CH1,POWER,2.40
1764329191986,CH1,POWER,2.40
1764329191991,CH1,POWER,2.40
1764329191997,CH1,POWER,2.40
1764329192001,CH1,POWER,2.40
1764329192006,CH1,POWER,2.40
1764329192011,CH1,POWER,2.40
1764329192016,CH1,POWER,2.40
1764329192022,CH1,POWER,2.40
1764329192026,CH1,POWER,2.40
1764329192031,CH1,POWER,2.40
1764329192036,CH1,POWER,2.40
1764329192041,CH1,POWER,2.40
1764329192047,CH1,POWER,2.40
1764329192051,CH1,POWER,2.40
1764329192056,CH1,POWER,2.40
1764329192060,CH1,POWER,2.40
1764329192063,CH1,POWER,2.40
1764329192066,CH1,POWER,2.40
1764329192069,CH1,POWER,2.40
1764329192097,CH1,POWER,2.40
1764329192102,CH1,POWER,2.40
1764329192106,CH1,POWER,2.40
1764329192112,CH1,POWER,2.40
1764329192116,CH1,POWER,2.40
1764329192122,CH1,POWER,2.40
1764329192126,CH1,POWER,2.40
1764329192132,CH1,POWER,2.40
1764329192136,CH1,POWER,2.40
1764329192142,CH1,POWER,2.40
1764329192146,CH1,POWER,2.40
1764329192152,CH1,POWER,2.40
1764329192156,CH1,POWER,2.40
1764329192162,CH1,POWER,2.40
1764329192166,CH1,POWER,2.40
1764329192172,CH1,POWER,2.40
1764329192176,CH1,POWER,2.40
1764329192184,CH1,POWER,2.40
1764329192189,CH1,POWER,2.40
1764329192197,CH1,POWER,2.40
1764329192202,CH1,POWER,2.40
1764329192206,CH1,POWER,2.40
1764329192212,CH1,POWER,2.40
1764329192218,CH1,POWER,2.40
1764329192223,CH1,POWER,2.40
1764329192228,CH1,POWER,2.40
1764329192233,CH1,POWER,2.40
1764329192238,CH1,POWER,2.40
1764329192243,CH1,POWER,2.40
1764329192248,CH1,POWER,2.40
1764329192256,CH1,POWER,2.40
1764329192262,CH1,POWER,2.40
1764329192266,CH1,POWER,2.40
1764329192272,CH1,POWER,2.40
1764329192277,CH1,POWER,2.40
1764329192284,CH1,POWER,2.40
1764329192289,CH1,POWER,2.40
1764329192297,CH1,POWER,2.40
1764329192304,CH1,POWER,2.40
1764329192309,CH1,POWER,2.40
1764329192315,CH1,POWER,2.40
1764329192320,CH1,POWER,2.40
1764329192325,CH1,POWER,2.40
1764329192330,CH1,POWER,2.40
1764329192335,CH1,POWER,2.40
1764329192340,CH1,POWER,2.40
1764329192345,CH1,POWER,2.40
1764329192350,CH1,POWER,2.40
1764329192355,CH1,POWER,2.40
1764329192360,CH1,POWER,2.40
1764329192365,CH1,POWER,2.40
1764329192370,CH1,POWER,2.40
1764329192375,CH1,POWER,2.40
1764329192380,CH1,POWER,2.40
1764329192385,CH1,POWER,2.40
1764329192390,CH1,POWER,2.40
1764329192395,CH1,POWER,2.40
1764329192400,CH1,POWER,2.40
1764329192405,CH1,POWER,2.40
1764329192410,CH1,POWER,2.40
1764329192416,CH1,POWER,2.40
1764329192422,CH1,POWER,2.40
1764329192428,CH1,POWER,2.40
1764329192433,CH1,POWER,2.40
1764329192439,CH1,POWER,2.40
1764329192443,CH1,POWER,2.40
1764329192448,CH1,POWER,2.40
1764329192453,CH1,POWER,2.40
1764329192458,CH1,POWER,2.40
1764329192462,CH1,POWER,2.40
1764329192465,CH1,POWER,2.40
1764329192468,CH1,POWER,2.40
1764329192495,CH1,POWER,2.40
1764329192500,CH1,POWER,2.40
1764329192505,CH1,POWER,2.40
1764329192510,CH1,POWER,2.40
1764329192515,CH1,POWER,2.40
1764329192520,CH1,POWER,2.40
1764329192525,CH1,POWER,2.40
1764329192531,CH1,POWER,2.40
1764329192539,CH1,POWER,2.40
1764329192546,CH1,POWER,2.40
1764329192554,CH1,POWER,2.40
1764329192558,CH1,POWER,2.40
1764329192564,CH1,POWER,2.40
1764329192568,CH1,POWER,2.40
1764329192573,CH1,POWER,2.40
1764329192578,CH1,POWER,2.40
1764329192582,CH1,POWER,2.40
1764329192587,CH1,POWER,2.40
1764329192592,CH1,POWER,2.40
1764329192597,CH1,POWER,2.40
1764329192602,CH1,POWER,2.40
1764329192607,CH1,POWER,2.40
1764329192612,CH1,POWER,2.40
1764329192617,CH1,POWER,2.40
1764329192622,CH1,POWER,2.40
1764329192627,CH1,POWER,2.40
1764329192632,CH1,POWER,2.40
1764329192637,CH1,POWER,2.40
1764329192642,CH1,POWER,2.40
1764329192648,CH1,POWER,2.40
1764329192654,CH1,POWER,2.40
1764329192660,CH1,POWER,2.40
1764329192665,CH1,POWER,2.40
1764329192670,CH1,POWER,2.40
1764329192675,CH1,POWER,2.40
1764329192680,CH1,POWER,2.40
1764329192685,CH1,POWER,2.40
1764329192690,CH1,POWER,2.40
1764329192695,CH1,POWER,2.40
1764329192700,CH1,POWER,2.40
1764329192705,CH1,POWER,2.40
1764329192710,CH1,POWER,2.40
1764329192718,CH1,POWER,2.40
1764329192724,CH1,POWER,2.40
1764329192728,CH1,POWER,2.40
1764329192734,CH1,POWER,2.40
1764329192739,CH1,POWER,2.40
1764329192743,CH1,POWER,2.40
1764329192748,CH1,POWER,2.40
1764329192754,CH1,POWER,2.40
1764329192758,CH1,POWER,2.40
1764329192764,CH1,POWER,2.40
1764329192769,CH1,POWER,2.40
1764329192776,CH1,POWER,2.40
1764329192781,CH1,POWER,2.40
1764329192789,CH1,POWER,2.40
1764329192794,CH1,POWER,2.40
1764329192799,CH1,POWER,2.40
1764329192806,CH1,POWER,2.40
1764329192811,CH1,POWER,2.40
1764329192818,CH1,POWER,2.40
1764329192824,CH1,POWER,2.40
1764329192830,CH1,POWER,2.40
1764329192835,CH1,POWER,2.40
1764329192840,CH1,POWER,2.40
1764329192845,CH1,POWER,2.40
1764329192850,CH1,POWER,2.40
1764329192855,CH1,POWER,2.40
1764329192860,CH1,POWER,2.40
1764329192864,CH1,POWER,2.40
1764329192890,CH1,POWER,2.40
1764329192896,CH1,POWER,2.40
1764329192900,CH1,POWER,2.40
1764329192906,CH1,POWER,2.40
1764329192909,CH1,POWER,2.40
1764329192914,CH1,POWER,2.40
1764329192919,CH1,POWER,2.40
1764329192924,CH1,POWER,2.40
1764329192929,CH1,POWER,2.40
1764329192934,CH1,POWER,2.40
1764329192939,CH1,POWER,2.40
1764329192944,CH1,POWER,2.40
1764329192949,CH1,POWER,2.40
1764329192954,CH1,POWER,2.40
1764329192959,CH1,POWER,2.40
1764329192964,CH1,POWER,2.40
1764329192970,CH1,POWER,2.40
1764329192976,CH1,POWER,2.40
1764329192981,CH1,POWER,2.40
1764329192987,CH1,POWER,2.40
1764329192992,CH1,POWER,2.40
1764329192997,CH1,POWER,2.40
1764329193002,CH1,POWER,2.40
1764329193007,CH1,POWER,2.40
1764329193014,CH1,POWER,2.40
1764329193020,CH1,POWER,2.40
1764329193026,CH1,POWER,2.40
1764329193030,CH1,POWER,2.40
1764329193035,CH1,POWER,2.40
1764329193040,CH1,POWER,2.40
1764329193048,CH1,POWER,2.40
1764329193053,CH1,POWER,2.40
1764329193059,CH1,POWER,2.40
1764329193065,CH1,POWER,2.40
1764329193070,CH1,POWER,2.40
1764329193074,CH1,POWER,2.40
1764329193079,CH1,POWER,2.40
1764329193084,CH1,POWER,2.40
1764329193089,CH1,POWER,2.40
1764329193095,CH1,POWER,2.40
1764329193100,CH1,POWER,2.40
1764329193105,CH1,POWER,2.40
1764329193110,CH1,POWER,2.40
1764329193116,CH1,POWER,2.40
1764329193120,CH1,POWER,2.40
1764329193125,CH1,POWER,2.40
1764329193130,CH1,POWER,2.40
1764329193136,CH1,POWER,2.40
1764329193141,CH1,POWER,2.40
1764329193148,CH1,POWER,2.40
1764329193153,CH1,POWER,2.40
1764329193160,CH1,POWER,2.40
1764329193166,CH1,POWER,2.40
1764329193172,CH1,POWER,2.40
1764329193177,CH1,POWER,2.40
1764329193182,CH1,POWER,2.40
1764329193187,CH1,POWER,2.40
1764329193192,CH1,POWER,2.40
1764329193197,CH1,POWER,2.40
1764329193203,CH1,POWER,2.40
1764329193209,CH1,POWER,2.40
1764329193214,CH1,POWER,2.40
1764329193219,CH1,POWER,2.40
1764329193224,CH1,POWER,2.40
1764329193229,CH1,POWER,2.40
1764329193234,CH1,POWER,2.40
1764329193239,CH1,POWER,2.40
1764329193244,CH1,POWER,2.40
1764329193249,CH1,POWER,2.40
1764329193254,CH1,POWER,2.40
1764329193259,CH1,POWER,2.40
1764329193261,CH1,POWER,2.40
1764329193264,CH1,POWER,2.40
1764329193292,CH1,POWER,2.40
1764329193298,CH1,POWER,2.40
1764329193303,CH1,POWER,2.40
1764329193310,CH1,POWER,2.40
1764329193315,CH1,POWER,2.40
1764329193322,CH1,POWER,2.40
1764329193328,CH1,POWER,2.40
1764329193333,CH1,POWER,2.40
1764329193340,CH1,POWER,2.40
1764329193345,CH1,POWER,2.40
1764329193352,CH1,POWER,2.40
1764329193358,CH1,POWER,2.40
1764329193362,CH1,POWER,2.40
1764329193368,CH1,POWER,2.40
1764329193372,CH1,POWER,2.40
1764329193378,CH1,POWER,2.40
1764329193382,CH1,POWER,2.40
1764329193388,CH1,POWER,2.40
1764329193393,CH1,POWER,2.40
1764329193400,CH1,POWER,2.40
1764329193406,CH1,POWER,2.40
1764329193412,CH1,POWER,2.40
1764329193418,CH1,POWER,2.40
1764329193422,CH1,POWER,2.40
1764329193428,CH1,POWER,2.40
1764329193432,CH1,POWER,2.40
1764329193438,CH1,POWER,2.40
1764329193443,CH1,POWER,2.40
1764329193450,CH1,POWER,2.40
1764329193455,CH1,POWER,2.40
1764329193462,CH1,POWER,2.40
1764329193468,CH1,POWER,2.40
1764329193472,CH1,POWER,2.40
1764329193477,CH1,POWER,2.40
1764329193482,CH1,POWER,2.40
1764329193488,CH1,POWER,2.40
1764329193493,CH1,POWER,2.40
1764329193500,CH1,POWER,2.40
1764329193505,CH1,POWER,2.40
1764329193512,CH1,POWER,2.40
1764329193518,CH1,POWER,2.40
1764329193522,CH1,POWER,2.40
1764329193527,CH1,POWER,2.40
1764329193532,CH1,POWER,2.40
1764329193538,CH1,POWER,2.40
1764329193542,CH1,POWER,2.40
1764329193548,CH1,POWER,2.40
1764329193552,CH1,POWER,2.40
1764329193558,CH1,POWER,2.40
1764329193564,CH1,POWER,2.40
1764329193570,CH1,POWER,2.40
1764329193575,CH1,POWER,2.40
1764329193582,CH1,POWER,2.40
1764329193588,CH1,POWER,2.40
1764329193593,CH1,POWER,2.40
1764329193600,CH1,POWER,2.40
1764329193605,CH1,POWER,2.40
1764329193612,CH1,POWER,2.40
1764329193618,CH1,POWER,2.40
1764329193622,CH1,POWER,2.40
1764329193628,CH1,POWER,2.40
1764329193634,CH1,POWER,2.40
1764329193639,CH1,POWER,2.40
1764329193645,CH1,POWER,2.40
1764329193651,CH1,POWER,2.40
1764329193655,CH1,POWER,2.70
1764329193683,CH1,POWER,2.70
1764329193688,CH1,POWER,2.70
1764329193693,CH1,POWER,2.70
1764329193698,CH1,POWER,2.70
1764329193703,CH1,POWER,2.70
1764329193708,CH1,POWER,2.70
1764329193714,CH1,POWER,2.70
1764329193720,CH1,POWER,2.70
1764329193726,CH1,POWER,2.70
1764329193731,CH1,POWER,2.70
1764329193736,CH1,POWER,2.70
1764329193741,CH1,POWER,2.70
1764329193746,CH1,POWER,2.70
1764329193751,CH1,POWER,2.70
1764329193756,CH1,POWER,2.70
1764329193764,CH1,POWER,2.70
1764329193769,CH1,POWER,2.70
1764329193774,CH1,POWER,2.70
1764329193780,CH1,POWER,2.70
1764329193785,CH1,POWER,2.70
1764329193792,CH1,POWER,2.70
1764329193797,CH1,POWER,2.70
1764329193804,CH1,POWER,2.70
1764329193812,CH1,POWER,2.70
1764329193817,CH1,POWER,2.70
1764329193824,CH1,POWER,2.70
1764329193830,CH1,POWER,2.70
1764329193834,CH1,POWER,2.70
1764329193839,CH1,POWER,2.70
1764329193844,CH1,POWER,2.70
1764329193848,CH1,POWER,2.70
1764329193853,CH1,POWER,2.70
1764329193858,CH1,POWER,2.70
1764329193863,CH1,POWER,2.70
1764329193868,CH1,POWER,2.70
1764329193873,CH1,POWER,2.70
1764329193878,CH1,POWER,2.70
1764329193884,CH1,POWER,2.70
1764329193889,CH1,POWER,2.70
1764329193894,CH1,POWER,2.70
1764329193900,CH1,POWER,2.70
1764329193904,CH1,POWER,2.70
1764329193910,CH1,POWER,2.70
1764329193915,CH1,POWER,2.70
1764329193922,CH1,POWER,2.70
1764329193927,CH1,POWER,2.70
1764329193934,CH1,POWER,2.70
1764329193939,CH1,POWER,2.70
1764329193944,CH1,POWER,2.70
1764329193952,CH1,POWER,2.70
1764329193957,CH1,POWER,2.70
1764329193964,CH1,POWER,2.70
1764329193969,CH1,POWER,2.70
1764329193974,CH1,POWER,2.70
1764329193980,CH1,POWER,2.70
1764329193985,CH1,POWER,2.70
1764329193992,CH1,POWER,2.70
1764329193997,CH1,POWER,2.70
1764329194004,CH1,POWER,2.70
1764329194009,CH1,POWER,2.70
1764329194014,CH1,POWER,2.70
1764329194020,CH1,POWER,2.70
1764329194024,CH1,POWER,2.70
1764329194030,CH1,POWER,2.70
1764329194035,CH1,POWER,2.70
1764329194041,CH1,POWER,2.70
1764329194046,CH1,POWER,2.70
1764329194051,CH1,POWER,2.70
1764329194053,CH1,POWER,2.40
1764329194056,CH1,POWER,2.40
1764329194083,CH1,POWER,2.40
1764329194089,CH1,POWER,2.40
1764329194093,CH1,POWER,2.40
1764329194098,CH1,POWER,2.40
1764329194103,CH1,POWER,2.40
1764329194108,CH1,POWER,2.40
1764329194114,CH1,POWER,2.40
1764329194120,CH1,POWER,2.40
1764329194125,CH1,POWER,2.40
1764329194131,CH1,POWER,2.40
1764329194135,CH1,POWER,2.40
1764329194140,CH1,POWER,2.40
1764329194145,CH1,POWER,2.40
1764329194150,CH1,POWER,2.40
1764329194155,CH1,POWER,2.40
1764329194160,CH1,POWER,2.40
1764329194165,CH1,POWER,2.40
1764329194170,CH1,POWER,2.40
1764329194175,CH1,POWER,2.40
1764329194180,CH1,POWER,2.40
1764329194185,CH1,POWER,2.40
1764329194190,CH1,POWER,2.40
1764329194195,CH1,POWER,2.40
1764329194200,CH1,POWER,2.40
1764329194206,CH1,POWER,2.40
1764329194211,CH1,POWER,2.40
1764329194216,CH1,POWER,2.40
1764329194222,CH1,POWER,2.40
1764329194226,CH1,POWER,2.40
1764329194231,CH1,POWER,2.40
1764329194236,CH1,POWER,2.40
1764329194240,CH1,POWER,2.40
1764329194246,CH1,POWER,2.40
1764329194250,CH1,POWER,2.40
1764329194256,CH1,POWER,2.40
1764329194264,CH1,POWER,2.40
1764329194270,CH1,POWER,2.40
1764329194276,CH1,POWER,2.40
1764329194284,CH1,POWER,2.40
1764329194290,CH1,POWER,2.40
1764329194295,CH1,POWER,2.40
1764329194301,CH1,POWER,2.40
1764329194306,CH1,POWER,2.40
1764329194314,CH1,POWER,2.40
1764329194320,CH1,POWER,2.40
1764329194326,CH1,POWER,2.40
1764329194331,CH1,POWER,2.40
1764329194336,CH1,POWER,2.40
1764329194344,CH1,POWER,2.40
1764329194349,CH1,POWER,2.40
1764329194356,CH1,POWER,2.40
1764329194364,CH1,POWER,2.40
1764329194370,CH1,POWER,2.40
1764329194376,CH1,POWER,2.40
1764329194381,CH1,POWER,2.40
1764329194386,CH1,POWER,2.40
1764329194391,CH1,POWER,2.40
1764329194397,CH1,POWER,2.40
1764329194401,CH1,POWER,2.40
1764329194406,CH1,POWER,2.40
1764329194414,CH1,POWER,2.40
1764329194420,CH1,POWER,2.40
1764329194425,CH1,POWER,2.40
1764329194430,CH1,POWER,2.40
1764329194435,CH1,POWER,2.40
1764329194440,CH1,POWER,2.40
1764329194444,CH1,POWER,2.40
1764329194447,CH1,POWER,2.40
1764329194449,CH1,POWER,2.40
1764329194477,CH1,POWER,2.40
1764329194482,CH1,POWER,2.40
1764329194487,CH1,POWER,2.40
1764329194492,CH1,POWER,2.40
1764329194497,CH1,POWER,2.40
1764329194503,CH1,POWER,2.40
1764329194508,CH1,POWER,2.40
1764329194513,CH1,POWER,2.40
1764329194518,CH1,POWER,2.40
1764329194526,CH1,POWER,2.40
1764329194531,CH1,POWER,2.40
1764329194537,CH1,POWER,2.40
1764329194542,CH1,POWER,2.40
1764329194547,CH1,POWER,2.40
1764329194551,CH1,POWER,2.40
1764329194557,CH1,POWER,2.40
1764329194563,CH1,POWER,2.40
1764329194568,CH1,POWER,2.40
1764329194576,CH1,POWER,2.40
1764329194581,CH1,POWER,2.40
1764329194589,CH1,POWER,2.40
1764329194595,CH1,POWER,2.40
1764329194601,CH1,POWER,2.40
1764329194608,CH1,POWER,2.40
1764329194613,CH1,POWER,2.40
1764329194618,CH1,POWER,2.40
1764329194623,CH1,POWER,2.40
1764329194628,CH1,POWER,2.40
1764329194633,CH1,POWER,2.40
1764329194638,CH1,POWER,2.40
1764329194643,CH1,POWER,2.40
1764329194648,CH1,POWER,2.40
1764329194653,CH1,POWER,2.40
1764329194658,CH1,POWER,2.40
1764329194666,CH1,POWER,2.40
1764329194671,CH1,POWER,2.40
1764329194678,CH1,POWER,2.40
1764329194683,CH1,POWER,2.40
1764329194688,CH1,POWER,2.40
1764329194696,CH1,POWER,2.40
1764329194702,CH1,POWER,2.40
1764329194708,CH1,POWER,2.40
1764329194713,CH1,POWER,2.40
1764329194718,CH1,POWER,2.40
1764329194726,CH1,POWER,2.40
1764329194731,CH1,POWER,2.40
1764329194737,CH1,POWER,2.40
1764329194743,CH1,POWER,2.40
1764329194748,CH1,POWER,2.40
1764329194756,CH1,POWER,2.40
1764329194762,CH1,POWER,2.40
1764329194767,CH1,POWER,2.40
1764329194772,CH1,POWER,2.40
1764329194777,CH1,POWER,2.40
1764329194782,CH1,POWER,2.40
1764329194787,CH1,POWER,2.40
1764329194793,CH1,POWER,2.40
1764329194798,CH1,POWER,2.40
1764329194803,CH1,POWER,2.40
1764329194808,CH1,POWER,2.40
1764329194813,CH1,POWER,2.40
1764329194818,CH1,POWER,2.40
1764329194826,CH1,POWER,2.40
1764329194831,CH1,POWER,2.40
1764329194837,CH1,POWER,2.40
1764329194840,CH1,POWER,2.40
1764329194843,CH1,POWER,2.40
1764329194870,CH1,POWER,2.40
1764329194875,CH1,POWER,2.40
1764329194882,CH1,POWER,2.40
1764329194887,CH1,POWER,2.40
1764329194892,CH1,POWER,2.40
1764329194897,CH1,POWER,2.40
1764329194902,CH1,POWER,2.40
1764329194907,CH1,POWER,2.40
1764329194912,CH1,POWER,2.40
1764329194917,CH1,POWER,2.40
1764329194922,CH1,POWER,2.40
1764329194927,CH1,POWER,2.40
1764329194932,CH1,POWER,2.40
1764329194937,CH1,POWER,2.40
1764329194942,CH1,POWER,2.40
1764329194947,CH1,POWER,2.40
1764329194952,CH1,POWER,2.40
1764329194957,CH1,POWER,2.40
1764329194962,CH1,POWER,2.40
1764329194967,CH1,POWER,2.40
1764329194972,CH1,POWER,2.40
1764329194977,CH1,POWER,2.40
1764329194982,CH1,POWER,2.40
1764329194987,CH1,POWER,2.40
1764329194992,CH1,POWER,2.40
1764329194997,CH1,POWER,2.40
1764329195002,CH1,POWER,2.40
1764329195010,CH1,POWER,2.40
1764329195015,CH1,POWER,2.40
1764329195020,CH1,POWER,2.40
1764329195026,CH1,POWER,2.40
1764329195032,CH1,POWER,2.40
1764329195040,CH1,POWER,2.40
1764329195045,CH1,POWER,2.40
1764329195050,CH1,POWER,2.40
1764329195054,CH1,POWER,2.40
1764329195060,CH1,POWER,2.40
1764329195064,CH1,POWER,2.40
1764329195070,CH1,POWER,2.40
1764329195074,CH1,POWER,2.40
1764329195079,CH1,POWER,2.40
1764329195083,CH1,POWER,2.40
1764329195087,CH1,POWER,2.40
1764329195091,CH1,POWER,2.40
1764329195098,CH1,POWER,2.40
1764329195103,CH1,POWER,2.40
1764329195110,CH1,POWER,2.40
1764329195115,CH1,POWER,2.40
1764329195120,CH1,POWER,2.40
1764329195126,CH1,POWER,2.40
1764329195131,CH1,POWER,2.40
1764329195138,CH1,POWER,2.40
1764329195143,CH1,POWER,2.40
1764329195150,CH1,POWER,2.40
1764329195155,CH1,POWER,2.40
1764329195160,CH1,POWER,2.40
1764329195165,CH1,POWER,2.40
1764329195170,CH1,POWER,2.40
1764329195175,CH1,POWER,2.40
1764329195182,CH1,POWER,2.40
1764329195190,CH1,POWER,2.40
1764329195195,CH1,POWER,2.40
1764329195200,CH1,POWER,2.40
1764329195204,CH1,POWER,2.40
1764329195210,CH1,POWER,2.40
1764329195218,CH1,POWER,2.40
1764329195222,CH1,POWER,2.40
1764329195228,CH1,POWER,2.40
1764329195233,CH1,POWER,2.40
1764329195259,CH1,POWER,2.40
1764329195265,CH1,POWER,2.40
1764329195272,CH1,POWER,2.40
1764329195276,CH1,POWER,2.40
1764329195282,CH1,POWER,2.40
1764329195287,CH1,POWER,2.40
1764329195292,CH1,POWER,2.40
1764329195297,CH1,POWER,2.40
1764329195302,CH1,POWER,2.40
1764329195307,CH1,POWER,2.40
1764329195312,CH1,POWER,2.40
1764329195317,CH1,POWER,2.40
1764329195322,CH1,POWER,2.40
1764329195327,CH1,POWER,2.40
1764329195332,CH1,POWER,2.40
1764329195340,CH1,POWER,2.40
1764329195346,CH1,POWER,2.40
1764329195351,CH1,POWER,2.40
1764329195356,CH1,POWER,2.40
1764329195361,CH1,POWER,2.40
1764329195366,CH1,POWER,2.40
1764329195372,CH1,POWER,2.40
1764329195377,CH1,POWER,2.40
1764329195382,CH1,POWER,2.40
1764329195390,CH1,POWER,2.40
1764329195396,CH1,POWER,2.40
1764329195402,CH1,POWER,2.40
1764329195407,CH1,POWER,2.40
1764329195412,CH1,POWER,2.40
1764329195417,CH1,POWER,2.40
1764329195422,CH1,POWER,2.40
1764329195427,CH1,POWER,2.40
1764329195432,CH1,POWER,2.40
1764329195436,CH1,POWER,2.40
1764329195442,CH1,POWER,2.40
1764329195447,CH1,POWER,2.40
1764329195452,CH1,POWER,2.40
1764329195457,CH1,POWER,2.40
1764329195462,CH1,POWER,2.40
1764329195467,CH1,POWER,2.40
1764329195472,CH1,POWER,2.40
1764329195477,CH1,POWER,2.40
1764329195482,CH1,POWER,2.40
1764329195487,CH1,POWER,2.40
1764329195492,CH1,POWER,2.40
1764329195497,CH1,POWER,2.40
1764329195502,CH1,POWER,2.40
1764329195510,CH1,POWER,2.40
1764329195515,CH1,POWER,2.40
1764329195522,CH1,POWER,2.40
1764329195527,CH1,POWER,2.40
1764329195532,CH1,POWER,2.40
1764329195537,CH1,POWER,2.40
1764329195542,CH1,POWER,2.40
1764329195550,CH1,POWER,2.40
1764329195555,CH1,POWER,2.40
1764329195562,CH1,POWER,2.40
1764329195568,CH1,POWER,2.40
1764329195574,CH1,POWER,2.40
1764329195579,CH1,POWER,2.40
1764329195584,CH1,POWER,2.40
1764329195589,CH1,POWER,2.40
1764329195594,CH1,POWER,2.40
1764329195599,CH1,POWER,2.40
1764329195604,CH1,POWER,2.40
1764329195609,CH1,POWER,2.40
1764329195614,CH1,POWER,2.40
1764329195619,CH1,POWER,2.40
1764329195625,CH1,POWER,2.40
1764329195629,CH1,POWER,2.40
1764329195634,CH1,POWER,2.40
1764329195660,CH1,POWER,2.40
1764329195665,CH1,POWER,2.40
1764329195672,CH1,POWER,2.40
1764329195677,CH1,POWER,2.40
1764329195684,CH1,POWER,2.40
1764329195689,CH1,POWER,2.40
1764329195694,CH1,POWER,2.40
1764329195699,CH1,POWER,2.40
1764329195704,CH1,POWER,2.40
1764329195709,CH1,POWER,2.40
1764329195714,CH1,POWER,2.40
1764329195719,CH1,POWER,2.40
1764329195724,CH1,POWER,2.40
1764329195732,CH1,POWER,2.40
1764329195737,CH1,POWER,2.40
1764329195744,CH1,POWER,2.40
1764329195749,CH1,POWER,2.40
1764329195754,CH1,POWER,2.40
1764329195759,CH1,POWER,2.40
1764329195764,CH1,POWER,2.40
1764329195769,CH1,POWER,2.40
1764329195774,CH1,POWER,2.40
1764329195779,CH1,POWER,2.40
1764329195784,CH1,POWER,2.40
1764329195789,CH1,POWER,2.40
1764329195794,CH1,POWER,2.40
1764329195799,CH1,POWER,2.40
1764329195804,CH1,POWER,2.40
1764329195809,CH1,POWER,2.40
1764329195814,CH1,POWER,2.40
1764329195819,CH1,POWER,2.40
1764329195824,CH1,POWER,2.40
1764329195832,CH1,POWER,2.40
1764329195837,CH1,POWER,2.40
1764329195844,CH1,POWER,2.40
1764329195849,CH1,POWER,2.40
1764329195854,CH1,POWER,2.40
1764329195859,CH1,POWER,2.40
1764329195864,CH1,POWER,2.40
1764329195869,CH1,POWER,2.40
1764329195874,CH1,POWER,2.40
1764329195879,CH1,POWER,2.40
1764329195884,CH1,POWER,2.40
1764329195889,CH1,POWER,2.40
1764329195894,CH1,POWER,2.40
1764329195902,CH1,POWER,2.40
1764329195907,CH1,POWER,2.40
1764329195914,CH1,POWER,2.40
1764329195919,CH1,POWER,2.40
1764329195924,CH1,POWER,2.40
1764329195929,CH1,POWER,2.40
1764329195934,CH1,POWER,2.40
1764329195939,CH1,POWER,2.40
1764329195944,CH1,POWER,2.40
1764329195949,CH1,POWER,2.40
1764329195954,CH1,POWER,2.40
1764329195959,CH1,POWER,2.40
1764329195964,CH1,POWER,2.40
1764329195969,CH1,POWER,2.40
1764329195974,CH1,POWER,2.40
1764329195980,CH1,POWER,2.40
1764329195985,CH1,POWER,2.40
1764329195992,CH1,POWER,2.40
1764329195997,CH1,POWER,2.40
1764329196004,CH1,POWER,2.40
1764329196009,CH1,POWER,2.40
1764329196014,CH1,POWER,2.40
1764329196018,CH1,POWER,2.40
1764329196046,CH1,POWER,2.40
1764329196051,CH1,POWER,2.40
1764329196056,CH1,POWER,2.40
1764329196061,CH1,POWER,2.40
1764329196066,CH1,POWER,2.40
1764329196071,CH1,POWER,2.40
1764329196076,CH1,POWER,2.40
1764329196081,CH1,POWER,2.40
1764329196086,CH1,POWER,2.40
1764329196094,CH1,POWER,2.40
1764329196099,CH1,POWER,2.40
1764329196106,CH1,POWER,2.40
1764329196111,CH1,POWER,2.40
1764329196116,CH1,POWER,2.40
1764329196121,CH1,POWER,2.40
1764329196126,CH1,POWER,2.40
1764329196131,CH1,POWER,2.40
1764329196136,CH1,POWER,2.40
1764329196144,CH1,POWER,2.40
1764329196149,CH1,POWER,2.40
1764329196156,CH1,POWER,2.40
1764329196161,CH1,POWER,2.40
1764329196166,CH1,POWER,2.40
1764329196170,CH1,POWER,2.40
1764329196175,CH1,POWER,2.40
1764329196180,CH1,POWER,2.40
1764329196185,CH1,POWER,2.40
1764329196190,CH1,POWER,2.40
1764329196195,CH1,POWER,2.40
1764329196200,CH1,POWER,2.40
1764329196205,CH1,POWER,2.40
1764329196210,CH1,POWER,2.40
1764329196215,CH1,POWER,2.40
1764329196220,CH1,POWER,2.40
1764329196225,CH1,POWER,2.40
1764329196230,CH1,POWER,2.40
1764329196235,CH1,POWER,2.40
1764329196240,CH1,POWER,2.40
1764329196245,CH1,POWER,2.40
1764329196250,CH1,POWER,2.40
1764329196255,CH1,POWER,2.40
1764329196260,CH1,POWER,2.40
1764329196265,CH1,POWER,2.40
1764329196270,CH1,POWER,2.40
1764329196275,CH1,POWER,2.40
1764329196280,CH1,POWER,2.40
1764329196285,CH1,POWER,2.40
1764329196290,CH1,POWER,2.40
1764329196295,CH1,POWER,2.40
1764329196300,CH1,POWER,2.40
1764329196305,CH1,POWER,2.40
1764329196310,CH1,POWER,2.40
1764329196315,CH1,POWER,2.40
1764329196320,CH1,POWER,2.40
1764329196325,CH1,POWER,2.40
1764329196330,CH1,POWER,2.40
1764329196335,CH1,POWER,2.40
1764329196340,CH1,POWER,2.40
1764329196345,CH1,POWER,2.40
1764329196350,CH1,POWER,2.40
1764329196355,CH1,POWER,2.40
1764329196360,CH1,POWER,2.40
1764329196365,CH1,POWER,2.40
1764329196370,CH1,POWER,2.40
1764329196375,CH1,POWER,2.40
1764329196380,CH1,POWER,2.40
1764329196385,CH1,POWER,2.40
1764329196390,CH1,POWER,2.40
1764329196395,CH1,POWER,2.40
1764329196401,CH1,POWER,2.40
1764329196407,CH1,POWER,2.40
